地區,頁碼,標題,價格,完整內容
林口區,1,森禾A9三井OUTLET旁透店,4768萬3房(室)2廳4衛74.95坪(建坪),森禾A9三井OUTLET旁透店 物件編號 VB00792 Prev Next 16 4768萬3房(室)2廳4衛74.95坪(建坪) 新北市林口區民族路 透天 18.8年 1-4 / 4樓 近林口站近學校  附近有大型商場、超市以及在地市場  more
林口區,1,森禾-近林口交流道文教區美建地,3969萬75.93坪(地坪),森禾-近林口交流道文教區美建地 物件編號 VB00827 Prev Next 7 3969萬75.93坪(地坪) 新北市林口區國宅段 土地 近學校  此建地周遭的交通與生活機能都很完善  more
林口區,1,東湖國小邊間庭院透天,3988萬5房4廳4衛4陽 66.94坪(建坪),東湖國小邊間庭院透天 物件編號 ZB05484 Prev Next 9 3988萬5房4廳4衛4陽 66.94坪(建坪) 新北市林口區佳林路 透天 19.3年 1-4 / 4樓 近學校近市場  近東湖國小.多線公車.交通方便  more
林口區,1,林口嘉寶二段大土地,33000萬9187.93坪(地坪),林口嘉寶二段大土地 物件編號 TB08856 Prev Next 7 33000萬9187.93坪(地坪) 新北市林口區 土地 近學校  近嘉寶國小台17線有公車行駛交通便利  more
林口區,1,林口麗園陽光溫馨3房,1268萬3房(室)2廳2衛30.39坪(建坪),林口麗園陽光溫馨3房 物件編號 TB10835 Prev Next 12 1268萬3房(室)2廳2衛30.39坪(建坪) 新北市林口區麗園二街 華廈 41.6年 7 / 7樓 近長庚醫院站近林口站近學校近市場  低公設比，室內坪效大  more
林口區,1,幸福市事務所含車位,1488萬降價,幸福市事務所含車位 物件編號 TB10772 Prev Next 12 1488萬降價 1358萬2房(室)2廳1衛37.1坪(建坪) 新北市林口區文化三路二段 大樓 15.3年 3 / 19樓 近林口站近學校近市場  事務所2房2廳1衛+前後陽台+平面坡道車  more
林口區,1,有朋之里精裝2房車,1398萬2房(室)2廳1衛31.68坪(建坪),有朋之里精裝2房車 物件編號 TB11468 Prev Next 9 1398萬2房(室)2廳1衛31.68坪(建坪) 新北市林口區文化三路二段 大樓 17.3年 7 / 11樓 近林口站近學校近市場  家樂福生活圈內，生活機能便利  more
林口區,1,森聯上上謙森治露臺2房2衛車,1588萬2房(室)2廳2衛33.26坪(建坪),森聯上上謙森治露臺2房2衛車 物件編號 TB10981 Prev Next 3 1588萬2房(室)2廳2衛33.26坪(建坪) 新北市林口區文化三路二段 大樓 預售屋 2 / 15樓 近林口站近長庚醫院站近學校  稀有釋出兩房兩衛露臺戶  more
林口區,1,A9捷運三井龍揚天廈二房車位,1638萬2房(室)2廳1衛31.27坪(建坪),A9捷運三井龍揚天廈二房車位 物件編號 TB09089 Prev Next 8 1638萬2房(室)2廳1衛31.27坪(建坪) 新北市林口區文化二路一段 大樓 31.2年 11 / 16樓 近林口站近學校近市場  鄰近Outlet購物中心  more
林口區,1,活力城高樓溫馨美裝2房車,1668萬2房(室)2廳1衛37.89坪(建坪),活力城高樓溫馨美裝2房車 物件編號 TB10997 Prev Next 7 1668萬2房(室)2廳1衛37.89坪(建坪) 新北市林口區中山路 大樓 17.9年 12 / 15樓 近林口站近學校近市場  全室裝潢.簡單整理即可入住  more
林口區,2,森禾A9三井OUTLET旁透店,4768萬3房(室)2廳4衛74.95坪(建坪),森禾A9三井OUTLET旁透店 物件編號 VB00792 Prev Next 16 4768萬3房(室)2廳4衛74.95坪(建坪) 新北市林口區民族路 透天 18.8年 1-4 / 4樓 近林口站近學校  附近有大型商場、超市以及在地市場  more
林口區,2,森禾-近林口交流道文教區美建地,3969萬75.93坪(地坪),森禾-近林口交流道文教區美建地 物件編號 VB00827 Prev Next 7 3969萬75.93坪(地坪) 新北市林口區國宅段 土地 近學校  此建地周遭的交通與生活機能都很完善  more
林口區,2,東湖國小邊間庭院透天,3988萬5房4廳4衛4陽 66.94坪(建坪),東湖國小邊間庭院透天 物件編號 ZB05484 Prev Next 9 3988萬5房4廳4衛4陽 66.94坪(建坪) 新北市林口區佳林路 透天 19.3年 1-4 / 4樓 近學校近市場  近東湖國小.多線公車.交通方便  more
林口區,2,林口嘉寶二段大土地,33000萬9187.93坪(地坪),林口嘉寶二段大土地 物件編號 TB08856 Prev Next 7 33000萬9187.93坪(地坪) 新北市林口區 土地 近學校  近嘉寶國小台17線有公車行駛交通便利  more
林口區,2,林口麗園陽光溫馨3房,1268萬3房(室)2廳2衛30.39坪(建坪),林口麗園陽光溫馨3房 物件編號 TB10835 Prev Next 12 1268萬3房(室)2廳2衛30.39坪(建坪) 新北市林口區麗園二街 華廈 41.6年 7 / 7樓 近長庚醫院站近林口站近學校近市場  低公設比，室內坪效大  more
林口區,2,幸福市事務所含車位,1488萬降價,幸福市事務所含車位 物件編號 TB10772 Prev Next 12 1488萬降價 1358萬2房(室)2廳1衛37.1坪(建坪) 新北市林口區文化三路二段 大樓 15.3年 3 / 19樓 近林口站近學校近市場  事務所2房2廳1衛+前後陽台+平面坡道車  more
林口區,2,有朋之里精裝2房車,1398萬2房(室)2廳1衛31.68坪(建坪),有朋之里精裝2房車 物件編號 TB11468 Prev Next 9 1398萬2房(室)2廳1衛31.68坪(建坪) 新北市林口區文化三路二段 大樓 17.3年 7 / 11樓 近林口站近學校近市場  家樂福生活圈內，生活機能便利  more
林口區,2,森聯上上謙森治露臺2房2衛車,1588萬2房(室)2廳2衛33.26坪(建坪),森聯上上謙森治露臺2房2衛車 物件編號 TB10981 Prev Next 3 1588萬2房(室)2廳2衛33.26坪(建坪) 新北市林口區文化三路二段 大樓 預售屋 2 / 15樓 近林口站近長庚醫院站近學校  稀有釋出兩房兩衛露臺戶  more
林口區,2,A9捷運三井龍揚天廈二房車位,1638萬2房(室)2廳1衛31.27坪(建坪),A9捷運三井龍揚天廈二房車位 物件編號 TB09089 Prev Next 8 1638萬2房(室)2廳1衛31.27坪(建坪) 新北市林口區文化二路一段 大樓 31.2年 11 / 16樓 近林口站近學校近市場  鄰近Outlet購物中心  more
林口區,2,活力城高樓溫馨美裝2房車,1668萬2房(室)2廳1衛37.89坪(建坪),活力城高樓溫馨美裝2房車 物件編號 TB10997 Prev Next 7 1668萬2房(室)2廳1衛37.89坪(建坪) 新北市林口區中山路 大樓 17.9年 12 / 15樓 近林口站近學校近市場  全室裝潢.簡單整理即可入住  more
林口區,3,森禾A9三井OUTLET旁透店,4768萬3房(室)2廳4衛74.95坪(建坪),森禾A9三井OUTLET旁透店 物件編號 VB00792 Prev Next 16 4768萬3房(室)2廳4衛74.95坪(建坪) 新北市林口區民族路 透天 18.8年 1-4 / 4樓 近林口站近學校  附近有大型商場、超市以及在地市場  more
林口區,3,森禾-近林口交流道文教區美建地,3969萬75.93坪(地坪),森禾-近林口交流道文教區美建地 物件編號 VB00827 Prev Next 7 3969萬75.93坪(地坪) 新北市林口區國宅段 土地 近學校  此建地周遭的交通與生活機能都很完善  more
林口區,3,東湖國小邊間庭院透天,3988萬5房4廳4衛4陽 66.94坪(建坪),東湖國小邊間庭院透天 物件編號 ZB05484 Prev Next 9 3988萬5房4廳4衛4陽 66.94坪(建坪) 新北市林口區佳林路 透天 19.3年 1-4 / 4樓 近學校近市場  近東湖國小.多線公車.交通方便  more
林口區,3,林口嘉寶二段大土地,33000萬9187.93坪(地坪),林口嘉寶二段大土地 物件編號 TB08856 Prev Next 7 33000萬9187.93坪(地坪) 新北市林口區 土地 近學校  近嘉寶國小台17線有公車行駛交通便利  more
林口區,3,林口麗園陽光溫馨3房,1268萬3房(室)2廳2衛30.39坪(建坪),林口麗園陽光溫馨3房 物件編號 TB10835 Prev Next 12 1268萬3房(室)2廳2衛30.39坪(建坪) 新北市林口區麗園二街 華廈 41.6年 7 / 7樓 近長庚醫院站近林口站近學校近市場  低公設比，室內坪效大  more
林口區,3,幸福市事務所含車位,1488萬降價,幸福市事務所含車位 物件編號 TB10772 Prev Next 12 1488萬降價 1358萬2房(室)2廳1衛37.1坪(建坪) 新北市林口區文化三路二段 大樓 15.3年 3 / 19樓 近林口站近學校近市場  事務所2房2廳1衛+前後陽台+平面坡道車  more
林口區,3,有朋之里精裝2房車,1398萬2房(室)2廳1衛31.68坪(建坪),有朋之里精裝2房車 物件編號 TB11468 Prev Next 9 1398萬2房(室)2廳1衛31.68坪(建坪) 新北市林口區文化三路二段 大樓 17.3年 7 / 11樓 近林口站近學校近市場  家樂福生活圈內，生活機能便利  more
林口區,3,森聯上上謙森治露臺2房2衛車,1588萬2房(室)2廳2衛33.26坪(建坪),森聯上上謙森治露臺2房2衛車 物件編號 TB10981 Prev Next 3 1588萬2房(室)2廳2衛33.26坪(建坪) 新北市林口區文化三路二段 大樓 預售屋 2 / 15樓 近林口站近長庚醫院站近學校  稀有釋出兩房兩衛露臺戶  more
林口區,3,A9捷運三井龍揚天廈二房車位,1638萬2房(室)2廳1衛31.27坪(建坪),A9捷運三井龍揚天廈二房車位 物件編號 TB09089 Prev Next 8 1638萬2房(室)2廳1衛31.27坪(建坪) 新北市林口區文化二路一段 大樓 31.2年 11 / 16樓 近林口站近學校近市場  鄰近Outlet購物中心  more
林口區,3,活力城高樓溫馨美裝2房車,1668萬2房(室)2廳1衛37.89坪(建坪),活力城高樓溫馨美裝2房車 物件編號 TB10997 Prev Next 7 1668萬2房(室)2廳1衛37.89坪(建坪) 新北市林口區中山路 大樓 17.9年 12 / 15樓 近林口站近學校近市場  全室裝潢.簡單整理即可入住  more
林口區,4,森禾A9三井OUTLET旁透店,4768萬3房(室)2廳4衛74.95坪(建坪),森禾A9三井OUTLET旁透店 物件編號 VB00792 Prev Next 16 4768萬3房(室)2廳4衛74.95坪(建坪) 新北市林口區民族路 透天 18.8年 1-4 / 4樓 近林口站近學校  附近有大型商場、超市以及在地市場  more
林口區,4,森禾-近林口交流道文教區美建地,3969萬75.93坪(地坪),森禾-近林口交流道文教區美建地 物件編號 VB00827 Prev Next 7 3969萬75.93坪(地坪) 新北市林口區國宅段 土地 近學校  此建地周遭的交通與生活機能都很完善  more
林口區,4,東湖國小邊間庭院透天,3988萬5房4廳4衛4陽 66.94坪(建坪),東湖國小邊間庭院透天 物件編號 ZB05484 Prev Next 9 3988萬5房4廳4衛4陽 66.94坪(建坪) 新北市林口區佳林路 透天 19.3年 1-4 / 4樓 近學校近市場  近東湖國小.多線公車.交通方便  more
林口區,4,林口嘉寶二段大土地,33000萬9187.93坪(地坪),林口嘉寶二段大土地 物件編號 TB08856 Prev Next 7 33000萬9187.93坪(地坪) 新北市林口區 土地 近學校  近嘉寶國小台17線有公車行駛交通便利  more
林口區,4,林口麗園陽光溫馨3房,1268萬3房(室)2廳2衛30.39坪(建坪),林口麗園陽光溫馨3房 物件編號 TB10835 Prev Next 12 1268萬3房(室)2廳2衛30.39坪(建坪) 新北市林口區麗園二街 華廈 41.6年 7 / 7樓 近長庚醫院站近林口站近學校近市場  低公設比，室內坪效大  more
林口區,4,幸福市事務所含車位,1488萬降價,幸福市事務所含車位 物件編號 TB10772 Prev Next 12 1488萬降價 1358萬2房(室)2廳1衛37.1坪(建坪) 新北市林口區文化三路二段 大樓 15.3年 3 / 19樓 近林口站近學校近市場  事務所2房2廳1衛+前後陽台+平面坡道車  more
林口區,4,有朋之里精裝2房車,1398萬2房(室)2廳1衛31.68坪(建坪),有朋之里精裝2房車 物件編號 TB11468 Prev Next 9 1398萬2房(室)2廳1衛31.68坪(建坪) 新北市林口區文化三路二段 大樓 17.3年 7 / 11樓 近林口站近學校近市場  家樂福生活圈內，生活機能便利  more
林口區,4,森聯上上謙森治露臺2房2衛車,1588萬2房(室)2廳2衛33.26坪(建坪),森聯上上謙森治露臺2房2衛車 物件編號 TB10981 Prev Next 3 1588萬2房(室)2廳2衛33.26坪(建坪) 新北市林口區文化三路二段 大樓 預售屋 2 / 15樓 近林口站近長庚醫院站近學校  稀有釋出兩房兩衛露臺戶  more
林口區,4,A9捷運三井龍揚天廈二房車位,1638萬2房(室)2廳1衛31.27坪(建坪),A9捷運三井龍揚天廈二房車位 物件編號 TB09089 Prev Next 8 1638萬2房(室)2廳1衛31.27坪(建坪) 新北市林口區文化二路一段 大樓 31.2年 11 / 16樓 近林口站近學校近市場  鄰近Outlet購物中心  more
林口區,4,活力城高樓溫馨美裝2房車,1668萬2房(室)2廳1衛37.89坪(建坪),活力城高樓溫馨美裝2房車 物件編號 TB10997 Prev Next 7 1668萬2房(室)2廳1衛37.89坪(建坪) 新北市林口區中山路 大樓 17.9年 12 / 15樓 近林口站近學校近市場  全室裝潢.簡單整理即可入住  more
林口區,5,森禾A9三井OUTLET旁透店,4768萬3房(室)2廳4衛74.95坪(建坪),森禾A9三井OUTLET旁透店 物件編號 VB00792 Prev Next 16 4768萬3房(室)2廳4衛74.95坪(建坪) 新北市林口區民族路 透天 18.8年 1-4 / 4樓 近林口站近學校  附近有大型商場、超市以及在地市場  more
林口區,5,森禾-近林口交流道文教區美建地,3969萬75.93坪(地坪),森禾-近林口交流道文教區美建地 物件編號 VB00827 Prev Next 7 3969萬75.93坪(地坪) 新北市林口區國宅段 土地 近學校  此建地周遭的交通與生活機能都很完善  more
林口區,5,東湖國小邊間庭院透天,3988萬5房4廳4衛4陽 66.94坪(建坪),東湖國小邊間庭院透天 物件編號 ZB05484 Prev Next 9 3988萬5房4廳4衛4陽 66.94坪(建坪) 新北市林口區佳林路 透天 19.3年 1-4 / 4樓 近學校近市場  近東湖國小.多線公車.交通方便  more
林口區,5,林口嘉寶二段大土地,33000萬9187.93坪(地坪),林口嘉寶二段大土地 物件編號 TB08856 Prev Next 7 33000萬9187.93坪(地坪) 新北市林口區 土地 近學校  近嘉寶國小台17線有公車行駛交通便利  more
林口區,5,林口麗園陽光溫馨3房,1268萬3房(室)2廳2衛30.39坪(建坪),林口麗園陽光溫馨3房 物件編號 TB10835 Prev Next 12 1268萬3房(室)2廳2衛30.39坪(建坪) 新北市林口區麗園二街 華廈 41.6年 7 / 7樓 近長庚醫院站近林口站近學校近市場  低公設比，室內坪效大  more
林口區,5,幸福市事務所含車位,1488萬降價,幸福市事務所含車位 物件編號 TB10772 Prev Next 12 1488萬降價 1358萬2房(室)2廳1衛37.1坪(建坪) 新北市林口區文化三路二段 大樓 15.3年 3 / 19樓 近林口站近學校近市場  事務所2房2廳1衛+前後陽台+平面坡道車  more
林口區,5,有朋之里精裝2房車,1398萬2房(室)2廳1衛31.68坪(建坪),有朋之里精裝2房車 物件編號 TB11468 Prev Next 9 1398萬2房(室)2廳1衛31.68坪(建坪) 新北市林口區文化三路二段 大樓 17.3年 7 / 11樓 近林口站近學校近市場  家樂福生活圈內，生活機能便利  more
林口區,5,森聯上上謙森治露臺2房2衛車,1588萬2房(室)2廳2衛33.26坪(建坪),森聯上上謙森治露臺2房2衛車 物件編號 TB10981 Prev Next 3 1588萬2房(室)2廳2衛33.26坪(建坪) 新北市林口區文化三路二段 大樓 預售屋 2 / 15樓 近林口站近長庚醫院站近學校  稀有釋出兩房兩衛露臺戶  more
林口區,5,A9捷運三井龍揚天廈二房車位,1638萬2房(室)2廳1衛31.27坪(建坪),A9捷運三井龍揚天廈二房車位 物件編號 TB09089 Prev Next 8 1638萬2房(室)2廳1衛31.27坪(建坪) 新北市林口區文化二路一段 大樓 31.2年 11 / 16樓 近林口站近學校近市場  鄰近Outlet購物中心  more
林口區,5,活力城高樓溫馨美裝2房車,1668萬2房(室)2廳1衛37.89坪(建坪),活力城高樓溫馨美裝2房車 物件編號 TB10997 Prev Next 7 1668萬2房(室)2廳1衛37.89坪(建坪) 新北市林口區中山路 大樓 17.9年 12 / 15樓 近林口站近學校近市場  全室裝潢.簡單整理即可入住  more
林口區,6,森禾A9三井OUTLET旁透店,4768萬3房(室)2廳4衛74.95坪(建坪),森禾A9三井OUTLET旁透店 物件編號 VB00792 Prev Next 16 4768萬3房(室)2廳4衛74.95坪(建坪) 新北市林口區民族路 透天 18.8年 1-4 / 4樓 近林口站近學校  附近有大型商場、超市以及在地市場  more
林口區,6,森禾-近林口交流道文教區美建地,3969萬75.93坪(地坪),森禾-近林口交流道文教區美建地 物件編號 VB00827 Prev Next 7 3969萬75.93坪(地坪) 新北市林口區國宅段 土地 近學校  此建地周遭的交通與生活機能都很完善  more
林口區,6,東湖國小邊間庭院透天,3988萬5房4廳4衛4陽 66.94坪(建坪),東湖國小邊間庭院透天 物件編號 ZB05484 Prev Next 9 3988萬5房4廳4衛4陽 66.94坪(建坪) 新北市林口區佳林路 透天 19.3年 1-4 / 4樓 近學校近市場  近東湖國小.多線公車.交通方便  more
林口區,6,林口嘉寶二段大土地,33000萬9187.93坪(地坪),林口嘉寶二段大土地 物件編號 TB08856 Prev Next 7 33000萬9187.93坪(地坪) 新北市林口區 土地 近學校  近嘉寶國小台17線有公車行駛交通便利  more
林口區,6,林口麗園陽光溫馨3房,1268萬3房(室)2廳2衛30.39坪(建坪),林口麗園陽光溫馨3房 物件編號 TB10835 Prev Next 12 1268萬3房(室)2廳2衛30.39坪(建坪) 新北市林口區麗園二街 華廈 41.6年 7 / 7樓 近長庚醫院站近林口站近學校近市場  低公設比，室內坪效大  more
林口區,6,幸福市事務所含車位,1488萬降價,幸福市事務所含車位 物件編號 TB10772 Prev Next 12 1488萬降價 1358萬2房(室)2廳1衛37.1坪(建坪) 新北市林口區文化三路二段 大樓 15.3年 3 / 19樓 近林口站近學校近市場  事務所2房2廳1衛+前後陽台+平面坡道車  more
林口區,6,有朋之里精裝2房車,1398萬2房(室)2廳1衛31.68坪(建坪),有朋之里精裝2房車 物件編號 TB11468 Prev Next 9 1398萬2房(室)2廳1衛31.68坪(建坪) 新北市林口區文化三路二段 大樓 17.3年 7 / 11樓 近林口站近學校近市場  家樂福生活圈內，生活機能便利  more
林口區,6,森聯上上謙森治露臺2房2衛車,1588萬2房(室)2廳2衛33.26坪(建坪),森聯上上謙森治露臺2房2衛車 物件編號 TB10981 Prev Next 3 1588萬2房(室)2廳2衛33.26坪(建坪) 新北市林口區文化三路二段 大樓 預售屋 2 / 15樓 近林口站近長庚醫院站近學校  稀有釋出兩房兩衛露臺戶  more
林口區,6,A9捷運三井龍揚天廈二房車位,1638萬2房(室)2廳1衛31.27坪(建坪),A9捷運三井龍揚天廈二房車位 物件編號 TB09089 Prev Next 8 1638萬2房(室)2廳1衛31.27坪(建坪) 新北市林口區文化二路一段 大樓 31.2年 11 / 16樓 近林口站近學校近市場  鄰近Outlet購物中心  more
林口區,6,活力城高樓溫馨美裝2房車,1668萬2房(室)2廳1衛37.89坪(建坪),活力城高樓溫馨美裝2房車 物件編號 TB10997 Prev Next 7 1668萬2房(室)2廳1衛37.89坪(建坪) 新北市林口區中山路 大樓 17.9年 12 / 15樓 近林口站近學校近市場  全室裝潢.簡單整理即可入住  more
林口區,7,森禾A9三井OUTLET旁透店,4768萬3房(室)2廳4衛74.95坪(建坪),森禾A9三井OUTLET旁透店 物件編號 VB00792 Prev Next 16 4768萬3房(室)2廳4衛74.95坪(建坪) 新北市林口區民族路 透天 18.8年 1-4 / 4樓 近林口站近學校  附近有大型商場、超市以及在地市場  more
林口區,7,森禾-近林口交流道文教區美建地,3969萬75.93坪(地坪),森禾-近林口交流道文教區美建地 物件編號 VB00827 Prev Next 7 3969萬75.93坪(地坪) 新北市林口區國宅段 土地 近學校  此建地周遭的交通與生活機能都很完善  more
林口區,7,東湖國小邊間庭院透天,3988萬5房4廳4衛4陽 66.94坪(建坪),東湖國小邊間庭院透天 物件編號 ZB05484 Prev Next 9 3988萬5房4廳4衛4陽 66.94坪(建坪) 新北市林口區佳林路 透天 19.3年 1-4 / 4樓 近學校近市場  近東湖國小.多線公車.交通方便  more
林口區,7,林口嘉寶二段大土地,33000萬9187.93坪(地坪),林口嘉寶二段大土地 物件編號 TB08856 Prev Next 7 33000萬9187.93坪(地坪) 新北市林口區 土地 近學校  近嘉寶國小台17線有公車行駛交通便利  more
林口區,7,林口麗園陽光溫馨3房,1268萬3房(室)2廳2衛30.39坪(建坪),林口麗園陽光溫馨3房 物件編號 TB10835 Prev Next 12 1268萬3房(室)2廳2衛30.39坪(建坪) 新北市林口區麗園二街 華廈 41.6年 7 / 7樓 近長庚醫院站近林口站近學校近市場  低公設比，室內坪效大  more
林口區,7,幸福市事務所含車位,1488萬降價,幸福市事務所含車位 物件編號 TB10772 Prev Next 12 1488萬降價 1358萬2房(室)2廳1衛37.1坪(建坪) 新北市林口區文化三路二段 大樓 15.3年 3 / 19樓 近林口站近學校近市場  事務所2房2廳1衛+前後陽台+平面坡道車  more
林口區,7,有朋之里精裝2房車,1398萬2房(室)2廳1衛31.68坪(建坪),有朋之里精裝2房車 物件編號 TB11468 Prev Next 9 1398萬2房(室)2廳1衛31.68坪(建坪) 新北市林口區文化三路二段 大樓 17.3年 7 / 11樓 近林口站近學校近市場  家樂福生活圈內，生活機能便利  more
林口區,7,森聯上上謙森治露臺2房2衛車,1588萬2房(室)2廳2衛33.26坪(建坪),森聯上上謙森治露臺2房2衛車 物件編號 TB10981 Prev Next 3 1588萬2房(室)2廳2衛33.26坪(建坪) 新北市林口區文化三路二段 大樓 預售屋 2 / 15樓 近林口站近長庚醫院站近學校  稀有釋出兩房兩衛露臺戶  more
林口區,7,A9捷運三井龍揚天廈二房車位,1638萬2房(室)2廳1衛31.27坪(建坪),A9捷運三井龍揚天廈二房車位 物件編號 TB09089 Prev Next 8 1638萬2房(室)2廳1衛31.27坪(建坪) 新北市林口區文化二路一段 大樓 31.2年 11 / 16樓 近林口站近學校近市場  鄰近Outlet購物中心  more
林口區,7,活力城高樓溫馨美裝2房車,1668萬2房(室)2廳1衛37.89坪(建坪),活力城高樓溫馨美裝2房車 物件編號 TB10997 Prev Next 7 1668萬2房(室)2廳1衛37.89坪(建坪) 新北市林口區中山路 大樓 17.9年 12 / 15樓 近林口站近學校近市場  全室裝潢.簡單整理即可入住  more
林口區,8,森禾A9三井OUTLET旁透店,4768萬3房(室)2廳4衛74.95坪(建坪),森禾A9三井OUTLET旁透店 物件編號 VB00792 Prev Next 16 4768萬3房(室)2廳4衛74.95坪(建坪) 新北市林口區民族路 透天 18.8年 1-4 / 4樓 近林口站近學校  附近有大型商場、超市以及在地市場  more
林口區,8,森禾-近林口交流道文教區美建地,3969萬75.93坪(地坪),森禾-近林口交流道文教區美建地 物件編號 VB00827 Prev Next 7 3969萬75.93坪(地坪) 新北市林口區國宅段 土地 近學校  此建地周遭的交通與生活機能都很完善  more
林口區,8,東湖國小邊間庭院透天,3988萬5房4廳4衛4陽 66.94坪(建坪),東湖國小邊間庭院透天 物件編號 ZB05484 Prev Next 9 3988萬5房4廳4衛4陽 66.94坪(建坪) 新北市林口區佳林路 透天 19.3年 1-4 / 4樓 近學校近市場  近東湖國小.多線公車.交通方便  more
林口區,8,林口嘉寶二段大土地,33000萬9187.93坪(地坪),林口嘉寶二段大土地 物件編號 TB08856 Prev Next 7 33000萬9187.93坪(地坪) 新北市林口區 土地 近學校  近嘉寶國小台17線有公車行駛交通便利  more
林口區,8,林口麗園陽光溫馨3房,1268萬3房(室)2廳2衛30.39坪(建坪),林口麗園陽光溫馨3房 物件編號 TB10835 Prev Next 12 1268萬3房(室)2廳2衛30.39坪(建坪) 新北市林口區麗園二街 華廈 41.6年 7 / 7樓 近長庚醫院站近林口站近學校近市場  低公設比，室內坪效大  more
林口區,8,幸福市事務所含車位,1488萬降價,幸福市事務所含車位 物件編號 TB10772 Prev Next 12 1488萬降價 1358萬2房(室)2廳1衛37.1坪(建坪) 新北市林口區文化三路二段 大樓 15.3年 3 / 19樓 近林口站近學校近市場  事務所2房2廳1衛+前後陽台+平面坡道車  more
林口區,8,有朋之里精裝2房車,1398萬2房(室)2廳1衛31.68坪(建坪),有朋之里精裝2房車 物件編號 TB11468 Prev Next 9 1398萬2房(室)2廳1衛31.68坪(建坪) 新北市林口區文化三路二段 大樓 17.3年 7 / 11樓 近林口站近學校近市場  家樂福生活圈內，生活機能便利  more
林口區,8,森聯上上謙森治露臺2房2衛車,1588萬2房(室)2廳2衛33.26坪(建坪),森聯上上謙森治露臺2房2衛車 物件編號 TB10981 Prev Next 3 1588萬2房(室)2廳2衛33.26坪(建坪) 新北市林口區文化三路二段 大樓 預售屋 2 / 15樓 近林口站近長庚醫院站近學校  稀有釋出兩房兩衛露臺戶  more
林口區,8,A9捷運三井龍揚天廈二房車位,1638萬2房(室)2廳1衛31.27坪(建坪),A9捷運三井龍揚天廈二房車位 物件編號 TB09089 Prev Next 8 1638萬2房(室)2廳1衛31.27坪(建坪) 新北市林口區文化二路一段 大樓 31.2年 11 / 16樓 近林口站近學校近市場  鄰近Outlet購物中心  more
林口區,8,活力城高樓溫馨美裝2房車,1668萬2房(室)2廳1衛37.89坪(建坪),活力城高樓溫馨美裝2房車 物件編號 TB10997 Prev Next 7 1668萬2房(室)2廳1衛37.89坪(建坪) 新北市林口區中山路 大樓 17.9年 12 / 15樓 近林口站近學校近市場  全室裝潢.簡單整理即可入住  more
林口區,9,森禾A9三井OUTLET旁透店,4768萬3房(室)2廳4衛74.95坪(建坪),森禾A9三井OUTLET旁透店 物件編號 VB00792 Prev Next 16 4768萬3房(室)2廳4衛74.95坪(建坪) 新北市林口區民族路 透天 18.8年 1-4 / 4樓 近林口站近學校  附近有大型商場、超市以及在地市場  more
林口區,9,森禾-近林口交流道文教區美建地,3969萬75.93坪(地坪),森禾-近林口交流道文教區美建地 物件編號 VB00827 Prev Next 7 3969萬75.93坪(地坪) 新北市林口區國宅段 土地 近學校  此建地周遭的交通與生活機能都很完善  more
林口區,9,東湖國小邊間庭院透天,3988萬5房4廳4衛4陽 66.94坪(建坪),東湖國小邊間庭院透天 物件編號 ZB05484 Prev Next 9 3988萬5房4廳4衛4陽 66.94坪(建坪) 新北市林口區佳林路 透天 19.3年 1-4 / 4樓 近學校近市場  近東湖國小.多線公車.交通方便  more
林口區,9,林口嘉寶二段大土地,33000萬9187.93坪(地坪),林口嘉寶二段大土地 物件編號 TB08856 Prev Next 7 33000萬9187.93坪(地坪) 新北市林口區 土地 近學校  近嘉寶國小台17線有公車行駛交通便利  more
林口區,9,林口麗園陽光溫馨3房,1268萬3房(室)2廳2衛30.39坪(建坪),林口麗園陽光溫馨3房 物件編號 TB10835 Prev Next 12 1268萬3房(室)2廳2衛30.39坪(建坪) 新北市林口區麗園二街 華廈 41.6年 7 / 7樓 近長庚醫院站近林口站近學校近市場  低公設比，室內坪效大  more
林口區,9,幸福市事務所含車位,1488萬降價,幸福市事務所含車位 物件編號 TB10772 Prev Next 12 1488萬降價 1358萬2房(室)2廳1衛37.1坪(建坪) 新北市林口區文化三路二段 大樓 15.3年 3 / 19樓 近林口站近學校近市場  事務所2房2廳1衛+前後陽台+平面坡道車  more
林口區,9,有朋之里精裝2房車,1398萬2房(室)2廳1衛31.68坪(建坪),有朋之里精裝2房車 物件編號 TB11468 Prev Next 9 1398萬2房(室)2廳1衛31.68坪(建坪) 新北市林口區文化三路二段 大樓 17.3年 7 / 11樓 近林口站近學校近市場  家樂福生活圈內，生活機能便利  more
林口區,9,森聯上上謙森治露臺2房2衛車,1588萬2房(室)2廳2衛33.26坪(建坪),森聯上上謙森治露臺2房2衛車 物件編號 TB10981 Prev Next 3 1588萬2房(室)2廳2衛33.26坪(建坪) 新北市林口區文化三路二段 大樓 預售屋 2 / 15樓 近林口站近長庚醫院站近學校  稀有釋出兩房兩衛露臺戶  more
林口區,9,A9捷運三井龍揚天廈二房車位,1638萬2房(室)2廳1衛31.27坪(建坪),A9捷運三井龍揚天廈二房車位 物件編號 TB09089 Prev Next 8 1638萬2房(室)2廳1衛31.27坪(建坪) 新北市林口區文化二路一段 大樓 31.2年 11 / 16樓 近林口站近學校近市場  鄰近Outlet購物中心  more
林口區,9,活力城高樓溫馨美裝2房車,1668萬2房(室)2廳1衛37.89坪(建坪),活力城高樓溫馨美裝2房車 物件編號 TB10997 Prev Next 7 1668萬2房(室)2廳1衛37.89坪(建坪) 新北市林口區中山路 大樓 17.9年 12 / 15樓 近林口站近學校近市場  全室裝潢.簡單整理即可入住  more
林口區,10,森禾A9三井OUTLET旁透店,4768萬3房(室)2廳4衛74.95坪(建坪),森禾A9三井OUTLET旁透店 物件編號 VB00792 Prev Next 16 4768萬3房(室)2廳4衛74.95坪(建坪) 新北市林口區民族路 透天 18.8年 1-4 / 4樓 近林口站近學校  附近有大型商場、超市以及在地市場  more
林口區,10,森禾-近林口交流道文教區美建地,3969萬75.93坪(地坪),森禾-近林口交流道文教區美建地 物件編號 VB00827 Prev Next 7 3969萬75.93坪(地坪) 新北市林口區國宅段 土地 近學校  此建地周遭的交通與生活機能都很完善  more
林口區,10,東湖國小邊間庭院透天,3988萬5房4廳4衛4陽 66.94坪(建坪),東湖國小邊間庭院透天 物件編號 ZB05484 Prev Next 9 3988萬5房4廳4衛4陽 66.94坪(建坪) 新北市林口區佳林路 透天 19.3年 1-4 / 4樓 近學校近市場  近東湖國小.多線公車.交通方便  more
林口區,10,林口嘉寶二段大土地,33000萬9187.93坪(地坪),林口嘉寶二段大土地 物件編號 TB08856 Prev Next 7 33000萬9187.93坪(地坪) 新北市林口區 土地 近學校  近嘉寶國小台17線有公車行駛交通便利  more
林口區,10,林口麗園陽光溫馨3房,1268萬3房(室)2廳2衛30.39坪(建坪),林口麗園陽光溫馨3房 物件編號 TB10835 Prev Next 12 1268萬3房(室)2廳2衛30.39坪(建坪) 新北市林口區麗園二街 華廈 41.6年 7 / 7樓 近長庚醫院站近林口站近學校近市場  低公設比，室內坪效大  more
林口區,10,幸福市事務所含車位,1488萬降價,幸福市事務所含車位 物件編號 TB10772 Prev Next 12 1488萬降價 1358萬2房(室)2廳1衛37.1坪(建坪) 新北市林口區文化三路二段 大樓 15.3年 3 / 19樓 近林口站近學校近市場  事務所2房2廳1衛+前後陽台+平面坡道車  more
林口區,10,有朋之里精裝2房車,1398萬2房(室)2廳1衛31.68坪(建坪),有朋之里精裝2房車 物件編號 TB11468 Prev Next 9 1398萬2房(室)2廳1衛31.68坪(建坪) 新北市林口區文化三路二段 大樓 17.3年 7 / 11樓 近林口站近學校近市場  家樂福生活圈內，生活機能便利  more
林口區,10,森聯上上謙森治露臺2房2衛車,1588萬2房(室)2廳2衛33.26坪(建坪),森聯上上謙森治露臺2房2衛車 物件編號 TB10981 Prev Next 3 1588萬2房(室)2廳2衛33.26坪(建坪) 新北市林口區文化三路二段 大樓 預售屋 2 / 15樓 近林口站近長庚醫院站近學校  稀有釋出兩房兩衛露臺戶  more
林口區,10,A9捷運三井龍揚天廈二房車位,1638萬2房(室)2廳1衛31.27坪(建坪),A9捷運三井龍揚天廈二房車位 物件編號 TB09089 Prev Next 8 1638萬2房(室)2廳1衛31.27坪(建坪) 新北市林口區文化二路一段 大樓 31.2年 11 / 16樓 近林口站近學校近市場  鄰近Outlet購物中心  more
林口區,10,活力城高樓溫馨美裝2房車,1668萬2房(室)2廳1衛37.89坪(建坪),活力城高樓溫馨美裝2房車 物件編號 TB10997 Prev Next 7 1668萬2房(室)2廳1衛37.89坪(建坪) 新北市林口區中山路 大樓 17.9年 12 / 15樓 近林口站近學校近市場  全室裝潢.簡單整理即可入住  more
林口區,11,森禾A9三井OUTLET旁透店,4768萬3房(室)2廳4衛74.95坪(建坪),森禾A9三井OUTLET旁透店 物件編號 VB00792 Prev Next 16 4768萬3房(室)2廳4衛74.95坪(建坪) 新北市林口區民族路 透天 18.8年 1-4 / 4樓 近林口站近學校  附近有大型商場、超市以及在地市場  more
林口區,11,森禾-近林口交流道文教區美建地,3969萬75.93坪(地坪),森禾-近林口交流道文教區美建地 物件編號 VB00827 Prev Next 7 3969萬75.93坪(地坪) 新北市林口區國宅段 土地 近學校  此建地周遭的交通與生活機能都很完善  more
林口區,11,東湖國小邊間庭院透天,3988萬5房4廳4衛4陽 66.94坪(建坪),東湖國小邊間庭院透天 物件編號 ZB05484 Prev Next 9 3988萬5房4廳4衛4陽 66.94坪(建坪) 新北市林口區佳林路 透天 19.3年 1-4 / 4樓 近學校近市場  近東湖國小.多線公車.交通方便  more
林口區,11,林口嘉寶二段大土地,33000萬9187.93坪(地坪),林口嘉寶二段大土地 物件編號 TB08856 Prev Next 7 33000萬9187.93坪(地坪) 新北市林口區 土地 近學校  近嘉寶國小台17線有公車行駛交通便利  more
林口區,11,林口麗園陽光溫馨3房,1268萬3房(室)2廳2衛30.39坪(建坪),林口麗園陽光溫馨3房 物件編號 TB10835 Prev Next 12 1268萬3房(室)2廳2衛30.39坪(建坪) 新北市林口區麗園二街 華廈 41.6年 7 / 7樓 近長庚醫院站近林口站近學校近市場  低公設比，室內坪效大  more
林口區,11,幸福市事務所含車位,1488萬降價,幸福市事務所含車位 物件編號 TB10772 Prev Next 12 1488萬降價 1358萬2房(室)2廳1衛37.1坪(建坪) 新北市林口區文化三路二段 大樓 15.3年 3 / 19樓 近林口站近學校近市場  事務所2房2廳1衛+前後陽台+平面坡道車  more
林口區,11,有朋之里精裝2房車,1398萬2房(室)2廳1衛31.68坪(建坪),有朋之里精裝2房車 物件編號 TB11468 Prev Next 9 1398萬2房(室)2廳1衛31.68坪(建坪) 新北市林口區文化三路二段 大樓 17.3年 7 / 11樓 近林口站近學校近市場  家樂福生活圈內，生活機能便利  more
林口區,11,森聯上上謙森治露臺2房2衛車,1588萬2房(室)2廳2衛33.26坪(建坪),森聯上上謙森治露臺2房2衛車 物件編號 TB10981 Prev Next 3 1588萬2房(室)2廳2衛33.26坪(建坪) 新北市林口區文化三路二段 大樓 預售屋 2 / 15樓 近林口站近長庚醫院站近學校  稀有釋出兩房兩衛露臺戶  more
林口區,11,A9捷運三井龍揚天廈二房車位,1638萬2房(室)2廳1衛31.27坪(建坪),A9捷運三井龍揚天廈二房車位 物件編號 TB09089 Prev Next 8 1638萬2房(室)2廳1衛31.27坪(建坪) 新北市林口區文化二路一段 大樓 31.2年 11 / 16樓 近林口站近學校近市場  鄰近Outlet購物中心  more
林口區,11,活力城高樓溫馨美裝2房車,1668萬2房(室)2廳1衛37.89坪(建坪),活力城高樓溫馨美裝2房車 物件編號 TB10997 Prev Next 7 1668萬2房(室)2廳1衛37.89坪(建坪) 新北市林口區中山路 大樓 17.9年 12 / 15樓 近林口站近學校近市場  全室裝潢.簡單整理即可入住  more
林口區,12,森禾A9三井OUTLET旁透店,4768萬3房(室)2廳4衛74.95坪(建坪),森禾A9三井OUTLET旁透店 物件編號 VB00792 Prev Next 16 4768萬3房(室)2廳4衛74.95坪(建坪) 新北市林口區民族路 透天 18.8年 1-4 / 4樓 近林口站近學校  附近有大型商場、超市以及在地市場  more
林口區,12,森禾-近林口交流道文教區美建地,3969萬75.93坪(地坪),森禾-近林口交流道文教區美建地 物件編號 VB00827 Prev Next 7 3969萬75.93坪(地坪) 新北市林口區國宅段 土地 近學校  此建地周遭的交通與生活機能都很完善  more
林口區,12,東湖國小邊間庭院透天,3988萬5房4廳4衛4陽 66.94坪(建坪),東湖國小邊間庭院透天 物件編號 ZB05484 Prev Next 9 3988萬5房4廳4衛4陽 66.94坪(建坪) 新北市林口區佳林路 透天 19.3年 1-4 / 4樓 近學校近市場  近東湖國小.多線公車.交通方便  more
林口區,12,林口嘉寶二段大土地,33000萬9187.93坪(地坪),林口嘉寶二段大土地 物件編號 TB08856 Prev Next 7 33000萬9187.93坪(地坪) 新北市林口區 土地 近學校  近嘉寶國小台17線有公車行駛交通便利  more
林口區,12,林口麗園陽光溫馨3房,1268萬3房(室)2廳2衛30.39坪(建坪),林口麗園陽光溫馨3房 物件編號 TB10835 Prev Next 12 1268萬3房(室)2廳2衛30.39坪(建坪) 新北市林口區麗園二街 華廈 41.6年 7 / 7樓 近長庚醫院站近林口站近學校近市場  低公設比，室內坪效大  more
林口區,12,幸福市事務所含車位,1488萬降價,幸福市事務所含車位 物件編號 TB10772 Prev Next 12 1488萬降價 1358萬2房(室)2廳1衛37.1坪(建坪) 新北市林口區文化三路二段 大樓 15.3年 3 / 19樓 近林口站近學校近市場  事務所2房2廳1衛+前後陽台+平面坡道車  more
林口區,12,有朋之里精裝2房車,1398萬2房(室)2廳1衛31.68坪(建坪),有朋之里精裝2房車 物件編號 TB11468 Prev Next 9 1398萬2房(室)2廳1衛31.68坪(建坪) 新北市林口區文化三路二段 大樓 17.3年 7 / 11樓 近林口站近學校近市場  家樂福生活圈內，生活機能便利  more
林口區,12,森聯上上謙森治露臺2房2衛車,1588萬2房(室)2廳2衛33.26坪(建坪),森聯上上謙森治露臺2房2衛車 物件編號 TB10981 Prev Next 3 1588萬2房(室)2廳2衛33.26坪(建坪) 新北市林口區文化三路二段 大樓 預售屋 2 / 15樓 近林口站近長庚醫院站近學校  稀有釋出兩房兩衛露臺戶  more
林口區,12,A9捷運三井龍揚天廈二房車位,1638萬2房(室)2廳1衛31.27坪(建坪),A9捷運三井龍揚天廈二房車位 物件編號 TB09089 Prev Next 8 1638萬2房(室)2廳1衛31.27坪(建坪) 新北市林口區文化二路一段 大樓 31.2年 11 / 16樓 近林口站近學校近市場  鄰近Outlet購物中心  more
林口區,12,活力城高樓溫馨美裝2房車,1668萬2房(室)2廳1衛37.89坪(建坪),活力城高樓溫馨美裝2房車 物件編號 TB10997 Prev Next 7 1668萬2房(室)2廳1衛37.89坪(建坪) 新北市林口區中山路 大樓 17.9年 12 / 15樓 近林口站近學校近市場  全室裝潢.簡單整理即可入住  more
林口區,13,森禾A9三井OUTLET旁透店,4768萬3房(室)2廳4衛74.95坪(建坪),森禾A9三井OUTLET旁透店 物件編號 VB00792 Prev Next 16 4768萬3房(室)2廳4衛74.95坪(建坪) 新北市林口區民族路 透天 18.8年 1-4 / 4樓 近林口站近學校  附近有大型商場、超市以及在地市場  more
林口區,13,森禾-近林口交流道文教區美建地,3969萬75.93坪(地坪),森禾-近林口交流道文教區美建地 物件編號 VB00827 Prev Next 7 3969萬75.93坪(地坪) 新北市林口區國宅段 土地 近學校  此建地周遭的交通與生活機能都很完善  more
林口區,13,東湖國小邊間庭院透天,3988萬5房4廳4衛4陽 66.94坪(建坪),東湖國小邊間庭院透天 物件編號 ZB05484 Prev Next 9 3988萬5房4廳4衛4陽 66.94坪(建坪) 新北市林口區佳林路 透天 19.3年 1-4 / 4樓 近學校近市場  近東湖國小.多線公車.交通方便  more
林口區,13,林口嘉寶二段大土地,33000萬9187.93坪(地坪),林口嘉寶二段大土地 物件編號 TB08856 Prev Next 7 33000萬9187.93坪(地坪) 新北市林口區 土地 近學校  近嘉寶國小台17線有公車行駛交通便利  more
林口區,13,林口麗園陽光溫馨3房,1268萬3房(室)2廳2衛30.39坪(建坪),林口麗園陽光溫馨3房 物件編號 TB10835 Prev Next 12 1268萬3房(室)2廳2衛30.39坪(建坪) 新北市林口區麗園二街 華廈 41.6年 7 / 7樓 近長庚醫院站近林口站近學校近市場  低公設比，室內坪效大  more
林口區,13,幸福市事務所含車位,1488萬降價,幸福市事務所含車位 物件編號 TB10772 Prev Next 12 1488萬降價 1358萬2房(室)2廳1衛37.1坪(建坪) 新北市林口區文化三路二段 大樓 15.3年 3 / 19樓 近林口站近學校近市場  事務所2房2廳1衛+前後陽台+平面坡道車  more
林口區,13,有朋之里精裝2房車,1398萬2房(室)2廳1衛31.68坪(建坪),有朋之里精裝2房車 物件編號 TB11468 Prev Next 9 1398萬2房(室)2廳1衛31.68坪(建坪) 新北市林口區文化三路二段 大樓 17.3年 7 / 11樓 近林口站近學校近市場  家樂福生活圈內，生活機能便利  more
林口區,13,森聯上上謙森治露臺2房2衛車,1588萬2房(室)2廳2衛33.26坪(建坪),森聯上上謙森治露臺2房2衛車 物件編號 TB10981 Prev Next 3 1588萬2房(室)2廳2衛33.26坪(建坪) 新北市林口區文化三路二段 大樓 預售屋 2 / 15樓 近林口站近長庚醫院站近學校  稀有釋出兩房兩衛露臺戶  more
林口區,13,A9捷運三井龍揚天廈二房車位,1638萬2房(室)2廳1衛31.27坪(建坪),A9捷運三井龍揚天廈二房車位 物件編號 TB09089 Prev Next 8 1638萬2房(室)2廳1衛31.27坪(建坪) 新北市林口區文化二路一段 大樓 31.2年 11 / 16樓 近林口站近學校近市場  鄰近Outlet購物中心  more
林口區,13,活力城高樓溫馨美裝2房車,1668萬2房(室)2廳1衛37.89坪(建坪),活力城高樓溫馨美裝2房車 物件編號 TB10997 Prev Next 7 1668萬2房(室)2廳1衛37.89坪(建坪) 新北市林口區中山路 大樓 17.9年 12 / 15樓 近林口站近學校近市場  全室裝潢.簡單整理即可入住  more
林口區,14,森禾A9三井OUTLET旁透店,4768萬3房(室)2廳4衛74.95坪(建坪),森禾A9三井OUTLET旁透店 物件編號 VB00792 Prev Next 16 4768萬3房(室)2廳4衛74.95坪(建坪) 新北市林口區民族路 透天 18.8年 1-4 / 4樓 近林口站近學校  附近有大型商場、超市以及在地市場  more
林口區,14,森禾-近林口交流道文教區美建地,3969萬75.93坪(地坪),森禾-近林口交流道文教區美建地 物件編號 VB00827 Prev Next 7 3969萬75.93坪(地坪) 新北市林口區國宅段 土地 近學校  此建地周遭的交通與生活機能都很完善  more
林口區,14,東湖國小邊間庭院透天,3988萬5房4廳4衛4陽 66.94坪(建坪),東湖國小邊間庭院透天 物件編號 ZB05484 Prev Next 9 3988萬5房4廳4衛4陽 66.94坪(建坪) 新北市林口區佳林路 透天 19.3年 1-4 / 4樓 近學校近市場  近東湖國小.多線公車.交通方便  more
林口區,14,林口嘉寶二段大土地,33000萬9187.93坪(地坪),林口嘉寶二段大土地 物件編號 TB08856 Prev Next 7 33000萬9187.93坪(地坪) 新北市林口區 土地 近學校  近嘉寶國小台17線有公車行駛交通便利  more
林口區,14,林口麗園陽光溫馨3房,1268萬3房(室)2廳2衛30.39坪(建坪),林口麗園陽光溫馨3房 物件編號 TB10835 Prev Next 12 1268萬3房(室)2廳2衛30.39坪(建坪) 新北市林口區麗園二街 華廈 41.6年 7 / 7樓 近長庚醫院站近林口站近學校近市場  低公設比，室內坪效大  more
林口區,14,幸福市事務所含車位,1488萬降價,幸福市事務所含車位 物件編號 TB10772 Prev Next 12 1488萬降價 1358萬2房(室)2廳1衛37.1坪(建坪) 新北市林口區文化三路二段 大樓 15.3年 3 / 19樓 近林口站近學校近市場  事務所2房2廳1衛+前後陽台+平面坡道車  more
林口區,14,有朋之里精裝2房車,1398萬2房(室)2廳1衛31.68坪(建坪),有朋之里精裝2房車 物件編號 TB11468 Prev Next 9 1398萬2房(室)2廳1衛31.68坪(建坪) 新北市林口區文化三路二段 大樓 17.3年 7 / 11樓 近林口站近學校近市場  家樂福生活圈內，生活機能便利  more
林口區,14,森聯上上謙森治露臺2房2衛車,1588萬2房(室)2廳2衛33.26坪(建坪),森聯上上謙森治露臺2房2衛車 物件編號 TB10981 Prev Next 3 1588萬2房(室)2廳2衛33.26坪(建坪) 新北市林口區文化三路二段 大樓 預售屋 2 / 15樓 近林口站近長庚醫院站近學校  稀有釋出兩房兩衛露臺戶  more
林口區,14,A9捷運三井龍揚天廈二房車位,1638萬2房(室)2廳1衛31.27坪(建坪),A9捷運三井龍揚天廈二房車位 物件編號 TB09089 Prev Next 8 1638萬2房(室)2廳1衛31.27坪(建坪) 新北市林口區文化二路一段 大樓 31.2年 11 / 16樓 近林口站近學校近市場  鄰近Outlet購物中心  more
林口區,14,活力城高樓溫馨美裝2房車,1668萬2房(室)2廳1衛37.89坪(建坪),活力城高樓溫馨美裝2房車 物件編號 TB10997 Prev Next 7 1668萬2房(室)2廳1衛37.89坪(建坪) 新北市林口區中山路 大樓 17.9年 12 / 15樓 近林口站近學校近市場  全室裝潢.簡單整理即可入住  more
林口區,15,森禾A9三井OUTLET旁透店,4768萬3房(室)2廳4衛74.95坪(建坪),森禾A9三井OUTLET旁透店 物件編號 VB00792 Prev Next 16 4768萬3房(室)2廳4衛74.95坪(建坪) 新北市林口區民族路 透天 18.8年 1-4 / 4樓 近林口站近學校  附近有大型商場、超市以及在地市場  more
林口區,15,森禾-近林口交流道文教區美建地,3969萬75.93坪(地坪),森禾-近林口交流道文教區美建地 物件編號 VB00827 Prev Next 7 3969萬75.93坪(地坪) 新北市林口區國宅段 土地 近學校  此建地周遭的交通與生活機能都很完善  more
林口區,15,東湖國小邊間庭院透天,3988萬5房4廳4衛4陽 66.94坪(建坪),東湖國小邊間庭院透天 物件編號 ZB05484 Prev Next 9 3988萬5房4廳4衛4陽 66.94坪(建坪) 新北市林口區佳林路 透天 19.3年 1-4 / 4樓 近學校近市場  近東湖國小.多線公車.交通方便  more
林口區,15,林口嘉寶二段大土地,33000萬9187.93坪(地坪),林口嘉寶二段大土地 物件編號 TB08856 Prev Next 7 33000萬9187.93坪(地坪) 新北市林口區 土地 近學校  近嘉寶國小台17線有公車行駛交通便利  more
林口區,15,林口麗園陽光溫馨3房,1268萬3房(室)2廳2衛30.39坪(建坪),林口麗園陽光溫馨3房 物件編號 TB10835 Prev Next 12 1268萬3房(室)2廳2衛30.39坪(建坪) 新北市林口區麗園二街 華廈 41.6年 7 / 7樓 近長庚醫院站近林口站近學校近市場  低公設比，室內坪效大  more
林口區,15,幸福市事務所含車位,1488萬降價,幸福市事務所含車位 物件編號 TB10772 Prev Next 12 1488萬降價 1358萬2房(室)2廳1衛37.1坪(建坪) 新北市林口區文化三路二段 大樓 15.3年 3 / 19樓 近林口站近學校近市場  事務所2房2廳1衛+前後陽台+平面坡道車  more
林口區,15,有朋之里精裝2房車,1398萬2房(室)2廳1衛31.68坪(建坪),有朋之里精裝2房車 物件編號 TB11468 Prev Next 9 1398萬2房(室)2廳1衛31.68坪(建坪) 新北市林口區文化三路二段 大樓 17.3年 7 / 11樓 近林口站近學校近市場  家樂福生活圈內，生活機能便利  more
林口區,15,森聯上上謙森治露臺2房2衛車,1588萬2房(室)2廳2衛33.26坪(建坪),森聯上上謙森治露臺2房2衛車 物件編號 TB10981 Prev Next 3 1588萬2房(室)2廳2衛33.26坪(建坪) 新北市林口區文化三路二段 大樓 預售屋 2 / 15樓 近林口站近長庚醫院站近學校  稀有釋出兩房兩衛露臺戶  more
林口區,15,A9捷運三井龍揚天廈二房車位,1638萬2房(室)2廳1衛31.27坪(建坪),A9捷運三井龍揚天廈二房車位 物件編號 TB09089 Prev Next 8 1638萬2房(室)2廳1衛31.27坪(建坪) 新北市林口區文化二路一段 大樓 31.2年 11 / 16樓 近林口站近學校近市場  鄰近Outlet購物中心  more
林口區,15,活力城高樓溫馨美裝2房車,1668萬2房(室)2廳1衛37.89坪(建坪),活力城高樓溫馨美裝2房車 物件編號 TB10997 Prev Next 7 1668萬2房(室)2廳1衛37.89坪(建坪) 新北市林口區中山路 大樓 17.9年 12 / 15樓 近林口站近學校近市場  全室裝潢.簡單整理即可入住  more
林口區,16,森禾A9三井OUTLET旁透店,4768萬3房(室)2廳4衛74.95坪(建坪),森禾A9三井OUTLET旁透店 物件編號 VB00792 Prev Next 16 4768萬3房(室)2廳4衛74.95坪(建坪) 新北市林口區民族路 透天 18.8年 1-4 / 4樓 近林口站近學校  附近有大型商場、超市以及在地市場  more
林口區,16,森禾-近林口交流道文教區美建地,3969萬75.93坪(地坪),森禾-近林口交流道文教區美建地 物件編號 VB00827 Prev Next 7 3969萬75.93坪(地坪) 新北市林口區國宅段 土地 近學校  此建地周遭的交通與生活機能都很完善  more
林口區,16,東湖國小邊間庭院透天,3988萬5房4廳4衛4陽 66.94坪(建坪),東湖國小邊間庭院透天 物件編號 ZB05484 Prev Next 9 3988萬5房4廳4衛4陽 66.94坪(建坪) 新北市林口區佳林路 透天 19.3年 1-4 / 4樓 近學校近市場  近東湖國小.多線公車.交通方便  more
林口區,16,林口嘉寶二段大土地,33000萬9187.93坪(地坪),林口嘉寶二段大土地 物件編號 TB08856 Prev Next 7 33000萬9187.93坪(地坪) 新北市林口區 土地 近學校  近嘉寶國小台17線有公車行駛交通便利  more
林口區,16,林口麗園陽光溫馨3房,1268萬3房(室)2廳2衛30.39坪(建坪),林口麗園陽光溫馨3房 物件編號 TB10835 Prev Next 12 1268萬3房(室)2廳2衛30.39坪(建坪) 新北市林口區麗園二街 華廈 41.6年 7 / 7樓 近長庚醫院站近林口站近學校近市場  低公設比，室內坪效大  more
林口區,16,幸福市事務所含車位,1488萬降價,幸福市事務所含車位 物件編號 TB10772 Prev Next 12 1488萬降價 1358萬2房(室)2廳1衛37.1坪(建坪) 新北市林口區文化三路二段 大樓 15.3年 3 / 19樓 近林口站近學校近市場  事務所2房2廳1衛+前後陽台+平面坡道車  more
林口區,16,有朋之里精裝2房車,1398萬2房(室)2廳1衛31.68坪(建坪),有朋之里精裝2房車 物件編號 TB11468 Prev Next 9 1398萬2房(室)2廳1衛31.68坪(建坪) 新北市林口區文化三路二段 大樓 17.3年 7 / 11樓 近林口站近學校近市場  家樂福生活圈內，生活機能便利  more
林口區,16,森聯上上謙森治露臺2房2衛車,1588萬2房(室)2廳2衛33.26坪(建坪),森聯上上謙森治露臺2房2衛車 物件編號 TB10981 Prev Next 3 1588萬2房(室)2廳2衛33.26坪(建坪) 新北市林口區文化三路二段 大樓 預售屋 2 / 15樓 近林口站近長庚醫院站近學校  稀有釋出兩房兩衛露臺戶  more
林口區,16,A9捷運三井龍揚天廈二房車位,1638萬2房(室)2廳1衛31.27坪(建坪),A9捷運三井龍揚天廈二房車位 物件編號 TB09089 Prev Next 8 1638萬2房(室)2廳1衛31.27坪(建坪) 新北市林口區文化二路一段 大樓 31.2年 11 / 16樓 近林口站近學校近市場  鄰近Outlet購物中心  more
林口區,16,活力城高樓溫馨美裝2房車,1668萬2房(室)2廳1衛37.89坪(建坪),活力城高樓溫馨美裝2房車 物件編號 TB10997 Prev Next 7 1668萬2房(室)2廳1衛37.89坪(建坪) 新北市林口區中山路 大樓 17.9年 12 / 15樓 近林口站近學校近市場  全室裝潢.簡單整理即可入住  more
林口區,17,森禾A9三井OUTLET旁透店,4768萬3房(室)2廳4衛74.95坪(建坪),森禾A9三井OUTLET旁透店 物件編號 VB00792 Prev Next 16 4768萬3房(室)2廳4衛74.95坪(建坪) 新北市林口區民族路 透天 18.8年 1-4 / 4樓 近林口站近學校  附近有大型商場、超市以及在地市場  more
林口區,17,森禾-近林口交流道文教區美建地,3969萬75.93坪(地坪),森禾-近林口交流道文教區美建地 物件編號 VB00827 Prev Next 7 3969萬75.93坪(地坪) 新北市林口區國宅段 土地 近學校  此建地周遭的交通與生活機能都很完善  more
林口區,17,東湖國小邊間庭院透天,3988萬5房4廳4衛4陽 66.94坪(建坪),東湖國小邊間庭院透天 物件編號 ZB05484 Prev Next 9 3988萬5房4廳4衛4陽 66.94坪(建坪) 新北市林口區佳林路 透天 19.3年 1-4 / 4樓 近學校近市場  近東湖國小.多線公車.交通方便  more
林口區,17,林口嘉寶二段大土地,33000萬9187.93坪(地坪),林口嘉寶二段大土地 物件編號 TB08856 Prev Next 7 33000萬9187.93坪(地坪) 新北市林口區 土地 近學校  近嘉寶國小台17線有公車行駛交通便利  more
林口區,17,林口麗園陽光溫馨3房,1268萬3房(室)2廳2衛30.39坪(建坪),林口麗園陽光溫馨3房 物件編號 TB10835 Prev Next 12 1268萬3房(室)2廳2衛30.39坪(建坪) 新北市林口區麗園二街 華廈 41.6年 7 / 7樓 近長庚醫院站近林口站近學校近市場  低公設比，室內坪效大  more
林口區,17,幸福市事務所含車位,1488萬降價,幸福市事務所含車位 物件編號 TB10772 Prev Next 12 1488萬降價 1358萬2房(室)2廳1衛37.1坪(建坪) 新北市林口區文化三路二段 大樓 15.3年 3 / 19樓 近林口站近學校近市場  事務所2房2廳1衛+前後陽台+平面坡道車  more
林口區,17,有朋之里精裝2房車,1398萬2房(室)2廳1衛31.68坪(建坪),有朋之里精裝2房車 物件編號 TB11468 Prev Next 9 1398萬2房(室)2廳1衛31.68坪(建坪) 新北市林口區文化三路二段 大樓 17.3年 7 / 11樓 近林口站近學校近市場  家樂福生活圈內，生活機能便利  more
林口區,17,森聯上上謙森治露臺2房2衛車,1588萬2房(室)2廳2衛33.26坪(建坪),森聯上上謙森治露臺2房2衛車 物件編號 TB10981 Prev Next 3 1588萬2房(室)2廳2衛33.26坪(建坪) 新北市林口區文化三路二段 大樓 預售屋 2 / 15樓 近林口站近長庚醫院站近學校  稀有釋出兩房兩衛露臺戶  more
林口區,17,A9捷運三井龍揚天廈二房車位,1638萬2房(室)2廳1衛31.27坪(建坪),A9捷運三井龍揚天廈二房車位 物件編號 TB09089 Prev Next 8 1638萬2房(室)2廳1衛31.27坪(建坪) 新北市林口區文化二路一段 大樓 31.2年 11 / 16樓 近林口站近學校近市場  鄰近Outlet購物中心  more
林口區,17,活力城高樓溫馨美裝2房車,1668萬2房(室)2廳1衛37.89坪(建坪),活力城高樓溫馨美裝2房車 物件編號 TB10997 Prev Next 7 1668萬2房(室)2廳1衛37.89坪(建坪) 新北市林口區中山路 大樓 17.9年 12 / 15樓 近林口站近學校近市場  全室裝潢.簡單整理即可入住  more
林口區,18,森禾A9三井OUTLET旁透店,4768萬3房(室)2廳4衛74.95坪(建坪),森禾A9三井OUTLET旁透店 物件編號 VB00792 Prev Next 16 4768萬3房(室)2廳4衛74.95坪(建坪) 新北市林口區民族路 透天 18.8年 1-4 / 4樓 近林口站近學校  附近有大型商場、超市以及在地市場  more
林口區,18,森禾-近林口交流道文教區美建地,3969萬75.93坪(地坪),森禾-近林口交流道文教區美建地 物件編號 VB00827 Prev Next 7 3969萬75.93坪(地坪) 新北市林口區國宅段 土地 近學校  此建地周遭的交通與生活機能都很完善  more
林口區,18,東湖國小邊間庭院透天,3988萬5房4廳4衛4陽 66.94坪(建坪),東湖國小邊間庭院透天 物件編號 ZB05484 Prev Next 9 3988萬5房4廳4衛4陽 66.94坪(建坪) 新北市林口區佳林路 透天 19.3年 1-4 / 4樓 近學校近市場  近東湖國小.多線公車.交通方便  more
林口區,18,林口嘉寶二段大土地,33000萬9187.93坪(地坪),林口嘉寶二段大土地 物件編號 TB08856 Prev Next 7 33000萬9187.93坪(地坪) 新北市林口區 土地 近學校  近嘉寶國小台17線有公車行駛交通便利  more
林口區,18,林口麗園陽光溫馨3房,1268萬3房(室)2廳2衛30.39坪(建坪),林口麗園陽光溫馨3房 物件編號 TB10835 Prev Next 12 1268萬3房(室)2廳2衛30.39坪(建坪) 新北市林口區麗園二街 華廈 41.6年 7 / 7樓 近長庚醫院站近林口站近學校近市場  低公設比，室內坪效大  more
林口區,18,幸福市事務所含車位,1488萬降價,幸福市事務所含車位 物件編號 TB10772 Prev Next 12 1488萬降價 1358萬2房(室)2廳1衛37.1坪(建坪) 新北市林口區文化三路二段 大樓 15.3年 3 / 19樓 近林口站近學校近市場  事務所2房2廳1衛+前後陽台+平面坡道車  more
林口區,18,有朋之里精裝2房車,1398萬2房(室)2廳1衛31.68坪(建坪),有朋之里精裝2房車 物件編號 TB11468 Prev Next 9 1398萬2房(室)2廳1衛31.68坪(建坪) 新北市林口區文化三路二段 大樓 17.3年 7 / 11樓 近林口站近學校近市場  家樂福生活圈內，生活機能便利  more
林口區,18,森聯上上謙森治露臺2房2衛車,1588萬2房(室)2廳2衛33.26坪(建坪),森聯上上謙森治露臺2房2衛車 物件編號 TB10981 Prev Next 3 1588萬2房(室)2廳2衛33.26坪(建坪) 新北市林口區文化三路二段 大樓 預售屋 2 / 15樓 近林口站近長庚醫院站近學校  稀有釋出兩房兩衛露臺戶  more
林口區,18,A9捷運三井龍揚天廈二房車位,1638萬2房(室)2廳1衛31.27坪(建坪),A9捷運三井龍揚天廈二房車位 物件編號 TB09089 Prev Next 8 1638萬2房(室)2廳1衛31.27坪(建坪) 新北市林口區文化二路一段 大樓 31.2年 11 / 16樓 近林口站近學校近市場  鄰近Outlet購物中心  more
林口區,18,活力城高樓溫馨美裝2房車,1668萬2房(室)2廳1衛37.89坪(建坪),活力城高樓溫馨美裝2房車 物件編號 TB10997 Prev Next 7 1668萬2房(室)2廳1衛37.89坪(建坪) 新北市林口區中山路 大樓 17.9年 12 / 15樓 近林口站近學校近市場  全室裝潢.簡單整理即可入住  more
林口區,19,森禾A9三井OUTLET旁透店,4768萬3房(室)2廳4衛74.95坪(建坪),森禾A9三井OUTLET旁透店 物件編號 VB00792 Prev Next 16 4768萬3房(室)2廳4衛74.95坪(建坪) 新北市林口區民族路 透天 18.8年 1-4 / 4樓 近林口站近學校  附近有大型商場、超市以及在地市場  more
林口區,19,森禾-近林口交流道文教區美建地,3969萬75.93坪(地坪),森禾-近林口交流道文教區美建地 物件編號 VB00827 Prev Next 7 3969萬75.93坪(地坪) 新北市林口區國宅段 土地 近學校  此建地周遭的交通與生活機能都很完善  more
林口區,19,東湖國小邊間庭院透天,3988萬5房4廳4衛4陽 66.94坪(建坪),東湖國小邊間庭院透天 物件編號 ZB05484 Prev Next 9 3988萬5房4廳4衛4陽 66.94坪(建坪) 新北市林口區佳林路 透天 19.3年 1-4 / 4樓 近學校近市場  近東湖國小.多線公車.交通方便  more
林口區,19,林口嘉寶二段大土地,33000萬9187.93坪(地坪),林口嘉寶二段大土地 物件編號 TB08856 Prev Next 7 33000萬9187.93坪(地坪) 新北市林口區 土地 近學校  近嘉寶國小台17線有公車行駛交通便利  more
林口區,19,林口麗園陽光溫馨3房,1268萬3房(室)2廳2衛30.39坪(建坪),林口麗園陽光溫馨3房 物件編號 TB10835 Prev Next 12 1268萬3房(室)2廳2衛30.39坪(建坪) 新北市林口區麗園二街 華廈 41.6年 7 / 7樓 近長庚醫院站近林口站近學校近市場  低公設比，室內坪效大  more
林口區,19,幸福市事務所含車位,1488萬降價,幸福市事務所含車位 物件編號 TB10772 Prev Next 12 1488萬降價 1358萬2房(室)2廳1衛37.1坪(建坪) 新北市林口區文化三路二段 大樓 15.3年 3 / 19樓 近林口站近學校近市場  事務所2房2廳1衛+前後陽台+平面坡道車  more
林口區,19,有朋之里精裝2房車,1398萬2房(室)2廳1衛31.68坪(建坪),有朋之里精裝2房車 物件編號 TB11468 Prev Next 9 1398萬2房(室)2廳1衛31.68坪(建坪) 新北市林口區文化三路二段 大樓 17.3年 7 / 11樓 近林口站近學校近市場  家樂福生活圈內，生活機能便利  more
林口區,19,森聯上上謙森治露臺2房2衛車,1588萬2房(室)2廳2衛33.26坪(建坪),森聯上上謙森治露臺2房2衛車 物件編號 TB10981 Prev Next 3 1588萬2房(室)2廳2衛33.26坪(建坪) 新北市林口區文化三路二段 大樓 預售屋 2 / 15樓 近林口站近長庚醫院站近學校  稀有釋出兩房兩衛露臺戶  more
林口區,19,A9捷運三井龍揚天廈二房車位,1638萬2房(室)2廳1衛31.27坪(建坪),A9捷運三井龍揚天廈二房車位 物件編號 TB09089 Prev Next 8 1638萬2房(室)2廳1衛31.27坪(建坪) 新北市林口區文化二路一段 大樓 31.2年 11 / 16樓 近林口站近學校近市場  鄰近Outlet購物中心  more
林口區,19,活力城高樓溫馨美裝2房車,1668萬2房(室)2廳1衛37.89坪(建坪),活力城高樓溫馨美裝2房車 物件編號 TB10997 Prev Next 7 1668萬2房(室)2廳1衛37.89坪(建坪) 新北市林口區中山路 大樓 17.9年 12 / 15樓 近林口站近學校近市場  全室裝潢.簡單整理即可入住  more
林口區,20,森禾A9三井OUTLET旁透店,4768萬3房(室)2廳4衛74.95坪(建坪),森禾A9三井OUTLET旁透店 物件編號 VB00792 Prev Next 16 4768萬3房(室)2廳4衛74.95坪(建坪) 新北市林口區民族路 透天 18.8年 1-4 / 4樓 近林口站近學校  附近有大型商場、超市以及在地市場  more
林口區,20,森禾-近林口交流道文教區美建地,3969萬75.93坪(地坪),森禾-近林口交流道文教區美建地 物件編號 VB00827 Prev Next 7 3969萬75.93坪(地坪) 新北市林口區國宅段 土地 近學校  此建地周遭的交通與生活機能都很完善  more
林口區,20,東湖國小邊間庭院透天,3988萬5房4廳4衛4陽 66.94坪(建坪),東湖國小邊間庭院透天 物件編號 ZB05484 Prev Next 9 3988萬5房4廳4衛4陽 66.94坪(建坪) 新北市林口區佳林路 透天 19.3年 1-4 / 4樓 近學校近市場  近東湖國小.多線公車.交通方便  more
林口區,20,林口嘉寶二段大土地,33000萬9187.93坪(地坪),林口嘉寶二段大土地 物件編號 TB08856 Prev Next 7 33000萬9187.93坪(地坪) 新北市林口區 土地 近學校  近嘉寶國小台17線有公車行駛交通便利  more
林口區,20,林口麗園陽光溫馨3房,1268萬3房(室)2廳2衛30.39坪(建坪),林口麗園陽光溫馨3房 物件編號 TB10835 Prev Next 12 1268萬3房(室)2廳2衛30.39坪(建坪) 新北市林口區麗園二街 華廈 41.6年 7 / 7樓 近長庚醫院站近林口站近學校近市場  低公設比，室內坪效大  more
林口區,20,幸福市事務所含車位,1488萬降價,幸福市事務所含車位 物件編號 TB10772 Prev Next 12 1488萬降價 1358萬2房(室)2廳1衛37.1坪(建坪) 新北市林口區文化三路二段 大樓 15.3年 3 / 19樓 近林口站近學校近市場  事務所2房2廳1衛+前後陽台+平面坡道車  more
林口區,20,有朋之里精裝2房車,1398萬2房(室)2廳1衛31.68坪(建坪),有朋之里精裝2房車 物件編號 TB11468 Prev Next 9 1398萬2房(室)2廳1衛31.68坪(建坪) 新北市林口區文化三路二段 大樓 17.3年 7 / 11樓 近林口站近學校近市場  家樂福生活圈內，生活機能便利  more
林口區,20,森聯上上謙森治露臺2房2衛車,1588萬2房(室)2廳2衛33.26坪(建坪),森聯上上謙森治露臺2房2衛車 物件編號 TB10981 Prev Next 3 1588萬2房(室)2廳2衛33.26坪(建坪) 新北市林口區文化三路二段 大樓 預售屋 2 / 15樓 近林口站近長庚醫院站近學校  稀有釋出兩房兩衛露臺戶  more
林口區,20,A9捷運三井龍揚天廈二房車位,1638萬2房(室)2廳1衛31.27坪(建坪),A9捷運三井龍揚天廈二房車位 物件編號 TB09089 Prev Next 8 1638萬2房(室)2廳1衛31.27坪(建坪) 新北市林口區文化二路一段 大樓 31.2年 11 / 16樓 近林口站近學校近市場  鄰近Outlet購物中心  more
林口區,20,活力城高樓溫馨美裝2房車,1668萬2房(室)2廳1衛37.89坪(建坪),活力城高樓溫馨美裝2房車 物件編號 TB10997 Prev Next 7 1668萬2房(室)2廳1衛37.89坪(建坪) 新北市林口區中山路 大樓 17.9年 12 / 15樓 近林口站近學校近市場  全室裝潢.簡單整理即可入住  more
林口區,21,森禾A9三井OUTLET旁透店,4768萬3房(室)2廳4衛74.95坪(建坪),森禾A9三井OUTLET旁透店 物件編號 VB00792 Prev Next 16 4768萬3房(室)2廳4衛74.95坪(建坪) 新北市林口區民族路 透天 18.8年 1-4 / 4樓 近林口站近學校  附近有大型商場、超市以及在地市場  more
林口區,21,森禾-近林口交流道文教區美建地,3969萬75.93坪(地坪),森禾-近林口交流道文教區美建地 物件編號 VB00827 Prev Next 7 3969萬75.93坪(地坪) 新北市林口區國宅段 土地 近學校  此建地周遭的交通與生活機能都很完善  more
林口區,21,東湖國小邊間庭院透天,3988萬5房4廳4衛4陽 66.94坪(建坪),東湖國小邊間庭院透天 物件編號 ZB05484 Prev Next 9 3988萬5房4廳4衛4陽 66.94坪(建坪) 新北市林口區佳林路 透天 19.3年 1-4 / 4樓 近學校近市場  近東湖國小.多線公車.交通方便  more
林口區,21,林口嘉寶二段大土地,33000萬9187.93坪(地坪),林口嘉寶二段大土地 物件編號 TB08856 Prev Next 7 33000萬9187.93坪(地坪) 新北市林口區 土地 近學校  近嘉寶國小台17線有公車行駛交通便利  more
林口區,21,林口麗園陽光溫馨3房,1268萬3房(室)2廳2衛30.39坪(建坪),林口麗園陽光溫馨3房 物件編號 TB10835 Prev Next 12 1268萬3房(室)2廳2衛30.39坪(建坪) 新北市林口區麗園二街 華廈 41.6年 7 / 7樓 近長庚醫院站近林口站近學校近市場  低公設比，室內坪效大  more
林口區,21,幸福市事務所含車位,1488萬降價,幸福市事務所含車位 物件編號 TB10772 Prev Next 12 1488萬降價 1358萬2房(室)2廳1衛37.1坪(建坪) 新北市林口區文化三路二段 大樓 15.3年 3 / 19樓 近林口站近學校近市場  事務所2房2廳1衛+前後陽台+平面坡道車  more
林口區,21,有朋之里精裝2房車,1398萬2房(室)2廳1衛31.68坪(建坪),有朋之里精裝2房車 物件編號 TB11468 Prev Next 9 1398萬2房(室)2廳1衛31.68坪(建坪) 新北市林口區文化三路二段 大樓 17.3年 7 / 11樓 近林口站近學校近市場  家樂福生活圈內，生活機能便利  more
林口區,21,森聯上上謙森治露臺2房2衛車,1588萬2房(室)2廳2衛33.26坪(建坪),森聯上上謙森治露臺2房2衛車 物件編號 TB10981 Prev Next 3 1588萬2房(室)2廳2衛33.26坪(建坪) 新北市林口區文化三路二段 大樓 預售屋 2 / 15樓 近林口站近長庚醫院站近學校  稀有釋出兩房兩衛露臺戶  more
林口區,21,A9捷運三井龍揚天廈二房車位,1638萬2房(室)2廳1衛31.27坪(建坪),A9捷運三井龍揚天廈二房車位 物件編號 TB09089 Prev Next 8 1638萬2房(室)2廳1衛31.27坪(建坪) 新北市林口區文化二路一段 大樓 31.2年 11 / 16樓 近林口站近學校近市場  鄰近Outlet購物中心  more
林口區,21,活力城高樓溫馨美裝2房車,1668萬2房(室)2廳1衛37.89坪(建坪),活力城高樓溫馨美裝2房車 物件編號 TB10997 Prev Next 7 1668萬2房(室)2廳1衛37.89坪(建坪) 新北市林口區中山路 大樓 17.9年 12 / 15樓 近林口站近學校近市場  全室裝潢.簡單整理即可入住  more
林口區,22,森禾A9三井OUTLET旁透店,4768萬3房(室)2廳4衛74.95坪(建坪),森禾A9三井OUTLET旁透店 物件編號 VB00792 Prev Next 16 4768萬3房(室)2廳4衛74.95坪(建坪) 新北市林口區民族路 透天 18.8年 1-4 / 4樓 近林口站近學校  附近有大型商場、超市以及在地市場  more
林口區,22,森禾-近林口交流道文教區美建地,3969萬75.93坪(地坪),森禾-近林口交流道文教區美建地 物件編號 VB00827 Prev Next 7 3969萬75.93坪(地坪) 新北市林口區國宅段 土地 近學校  此建地周遭的交通與生活機能都很完善  more
林口區,22,東湖國小邊間庭院透天,3988萬5房4廳4衛4陽 66.94坪(建坪),東湖國小邊間庭院透天 物件編號 ZB05484 Prev Next 9 3988萬5房4廳4衛4陽 66.94坪(建坪) 新北市林口區佳林路 透天 19.3年 1-4 / 4樓 近學校近市場  近東湖國小.多線公車.交通方便  more
林口區,22,林口嘉寶二段大土地,33000萬9187.93坪(地坪),林口嘉寶二段大土地 物件編號 TB08856 Prev Next 7 33000萬9187.93坪(地坪) 新北市林口區 土地 近學校  近嘉寶國小台17線有公車行駛交通便利  more
林口區,22,林口麗園陽光溫馨3房,1268萬3房(室)2廳2衛30.39坪(建坪),林口麗園陽光溫馨3房 物件編號 TB10835 Prev Next 12 1268萬3房(室)2廳2衛30.39坪(建坪) 新北市林口區麗園二街 華廈 41.6年 7 / 7樓 近長庚醫院站近林口站近學校近市場  低公設比，室內坪效大  more
林口區,22,幸福市事務所含車位,1488萬降價,幸福市事務所含車位 物件編號 TB10772 Prev Next 12 1488萬降價 1358萬2房(室)2廳1衛37.1坪(建坪) 新北市林口區文化三路二段 大樓 15.3年 3 / 19樓 近林口站近學校近市場  事務所2房2廳1衛+前後陽台+平面坡道車  more
林口區,22,有朋之里精裝2房車,1398萬2房(室)2廳1衛31.68坪(建坪),有朋之里精裝2房車 物件編號 TB11468 Prev Next 9 1398萬2房(室)2廳1衛31.68坪(建坪) 新北市林口區文化三路二段 大樓 17.3年 7 / 11樓 近林口站近學校近市場  家樂福生活圈內，生活機能便利  more
林口區,22,森聯上上謙森治露臺2房2衛車,1588萬2房(室)2廳2衛33.26坪(建坪),森聯上上謙森治露臺2房2衛車 物件編號 TB10981 Prev Next 3 1588萬2房(室)2廳2衛33.26坪(建坪) 新北市林口區文化三路二段 大樓 預售屋 2 / 15樓 近林口站近長庚醫院站近學校  稀有釋出兩房兩衛露臺戶  more
林口區,22,A9捷運三井龍揚天廈二房車位,1638萬2房(室)2廳1衛31.27坪(建坪),A9捷運三井龍揚天廈二房車位 物件編號 TB09089 Prev Next 8 1638萬2房(室)2廳1衛31.27坪(建坪) 新北市林口區文化二路一段 大樓 31.2年 11 / 16樓 近林口站近學校近市場  鄰近Outlet購物中心  more
林口區,22,活力城高樓溫馨美裝2房車,1668萬2房(室)2廳1衛37.89坪(建坪),活力城高樓溫馨美裝2房車 物件編號 TB10997 Prev Next 7 1668萬2房(室)2廳1衛37.89坪(建坪) 新北市林口區中山路 大樓 17.9年 12 / 15樓 近林口站近學校近市場  全室裝潢.簡單整理即可入住  more
林口區,23,森禾A9三井OUTLET旁透店,4768萬3房(室)2廳4衛74.95坪(建坪),森禾A9三井OUTLET旁透店 物件編號 VB00792 Prev Next 16 4768萬3房(室)2廳4衛74.95坪(建坪) 新北市林口區民族路 透天 18.8年 1-4 / 4樓 近林口站近學校  附近有大型商場、超市以及在地市場  more
林口區,23,森禾-近林口交流道文教區美建地,3969萬75.93坪(地坪),森禾-近林口交流道文教區美建地 物件編號 VB00827 Prev Next 7 3969萬75.93坪(地坪) 新北市林口區國宅段 土地 近學校  此建地周遭的交通與生活機能都很完善  more
林口區,23,東湖國小邊間庭院透天,3988萬5房4廳4衛4陽 66.94坪(建坪),東湖國小邊間庭院透天 物件編號 ZB05484 Prev Next 9 3988萬5房4廳4衛4陽 66.94坪(建坪) 新北市林口區佳林路 透天 19.3年 1-4 / 4樓 近學校近市場  近東湖國小.多線公車.交通方便  more
林口區,23,林口嘉寶二段大土地,33000萬9187.93坪(地坪),林口嘉寶二段大土地 物件編號 TB08856 Prev Next 7 33000萬9187.93坪(地坪) 新北市林口區 土地 近學校  近嘉寶國小台17線有公車行駛交通便利  more
林口區,23,林口麗園陽光溫馨3房,1268萬3房(室)2廳2衛30.39坪(建坪),林口麗園陽光溫馨3房 物件編號 TB10835 Prev Next 12 1268萬3房(室)2廳2衛30.39坪(建坪) 新北市林口區麗園二街 華廈 41.6年 7 / 7樓 近長庚醫院站近林口站近學校近市場  低公設比，室內坪效大  more
林口區,23,幸福市事務所含車位,1488萬降價,幸福市事務所含車位 物件編號 TB10772 Prev Next 12 1488萬降價 1358萬2房(室)2廳1衛37.1坪(建坪) 新北市林口區文化三路二段 大樓 15.3年 3 / 19樓 近林口站近學校近市場  事務所2房2廳1衛+前後陽台+平面坡道車  more
林口區,23,有朋之里精裝2房車,1398萬2房(室)2廳1衛31.68坪(建坪),有朋之里精裝2房車 物件編號 TB11468 Prev Next 9 1398萬2房(室)2廳1衛31.68坪(建坪) 新北市林口區文化三路二段 大樓 17.3年 7 / 11樓 近林口站近學校近市場  家樂福生活圈內，生活機能便利  more
林口區,23,森聯上上謙森治露臺2房2衛車,1588萬2房(室)2廳2衛33.26坪(建坪),森聯上上謙森治露臺2房2衛車 物件編號 TB10981 Prev Next 3 1588萬2房(室)2廳2衛33.26坪(建坪) 新北市林口區文化三路二段 大樓 預售屋 2 / 15樓 近林口站近長庚醫院站近學校  稀有釋出兩房兩衛露臺戶  more
林口區,23,A9捷運三井龍揚天廈二房車位,1638萬2房(室)2廳1衛31.27坪(建坪),A9捷運三井龍揚天廈二房車位 物件編號 TB09089 Prev Next 8 1638萬2房(室)2廳1衛31.27坪(建坪) 新北市林口區文化二路一段 大樓 31.2年 11 / 16樓 近林口站近學校近市場  鄰近Outlet購物中心  more
林口區,23,活力城高樓溫馨美裝2房車,1668萬2房(室)2廳1衛37.89坪(建坪),活力城高樓溫馨美裝2房車 物件編號 TB10997 Prev Next 7 1668萬2房(室)2廳1衛37.89坪(建坪) 新北市林口區中山路 大樓 17.9年 12 / 15樓 近林口站近學校近市場  全室裝潢.簡單整理即可入住  more
林口區,24,森禾A9三井OUTLET旁透店,4768萬3房(室)2廳4衛74.95坪(建坪),森禾A9三井OUTLET旁透店 物件編號 VB00792 Prev Next 16 4768萬3房(室)2廳4衛74.95坪(建坪) 新北市林口區民族路 透天 18.8年 1-4 / 4樓 近林口站近學校  附近有大型商場、超市以及在地市場  more
林口區,24,森禾-近林口交流道文教區美建地,3969萬75.93坪(地坪),森禾-近林口交流道文教區美建地 物件編號 VB00827 Prev Next 7 3969萬75.93坪(地坪) 新北市林口區國宅段 土地 近學校  此建地周遭的交通與生活機能都很完善  more
林口區,24,東湖國小邊間庭院透天,3988萬5房4廳4衛4陽 66.94坪(建坪),東湖國小邊間庭院透天 物件編號 ZB05484 Prev Next 9 3988萬5房4廳4衛4陽 66.94坪(建坪) 新北市林口區佳林路 透天 19.3年 1-4 / 4樓 近學校近市場  近東湖國小.多線公車.交通方便  more
林口區,24,林口嘉寶二段大土地,33000萬9187.93坪(地坪),林口嘉寶二段大土地 物件編號 TB08856 Prev Next 7 33000萬9187.93坪(地坪) 新北市林口區 土地 近學校  近嘉寶國小台17線有公車行駛交通便利  more
林口區,24,林口麗園陽光溫馨3房,1268萬3房(室)2廳2衛30.39坪(建坪),林口麗園陽光溫馨3房 物件編號 TB10835 Prev Next 12 1268萬3房(室)2廳2衛30.39坪(建坪) 新北市林口區麗園二街 華廈 41.6年 7 / 7樓 近長庚醫院站近林口站近學校近市場  低公設比，室內坪效大  more
林口區,24,幸福市事務所含車位,1488萬降價,幸福市事務所含車位 物件編號 TB10772 Prev Next 12 1488萬降價 1358萬2房(室)2廳1衛37.1坪(建坪) 新北市林口區文化三路二段 大樓 15.3年 3 / 19樓 近林口站近學校近市場  事務所2房2廳1衛+前後陽台+平面坡道車  more
林口區,24,有朋之里精裝2房車,1398萬2房(室)2廳1衛31.68坪(建坪),有朋之里精裝2房車 物件編號 TB11468 Prev Next 9 1398萬2房(室)2廳1衛31.68坪(建坪) 新北市林口區文化三路二段 大樓 17.3年 7 / 11樓 近林口站近學校近市場  家樂福生活圈內，生活機能便利  more
林口區,24,森聯上上謙森治露臺2房2衛車,1588萬2房(室)2廳2衛33.26坪(建坪),森聯上上謙森治露臺2房2衛車 物件編號 TB10981 Prev Next 3 1588萬2房(室)2廳2衛33.26坪(建坪) 新北市林口區文化三路二段 大樓 預售屋 2 / 15樓 近林口站近長庚醫院站近學校  稀有釋出兩房兩衛露臺戶  more
林口區,24,A9捷運三井龍揚天廈二房車位,1638萬2房(室)2廳1衛31.27坪(建坪),A9捷運三井龍揚天廈二房車位 物件編號 TB09089 Prev Next 8 1638萬2房(室)2廳1衛31.27坪(建坪) 新北市林口區文化二路一段 大樓 31.2年 11 / 16樓 近林口站近學校近市場  鄰近Outlet購物中心  more
林口區,24,活力城高樓溫馨美裝2房車,1668萬2房(室)2廳1衛37.89坪(建坪),活力城高樓溫馨美裝2房車 物件編號 TB10997 Prev Next 7 1668萬2房(室)2廳1衛37.89坪(建坪) 新北市林口區中山路 大樓 17.9年 12 / 15樓 近林口站近學校近市場  全室裝潢.簡單整理即可入住  more
林口區,25,森禾A9三井OUTLET旁透店,4768萬3房(室)2廳4衛74.95坪(建坪),森禾A9三井OUTLET旁透店 物件編號 VB00792 Prev Next 16 4768萬3房(室)2廳4衛74.95坪(建坪) 新北市林口區民族路 透天 18.8年 1-4 / 4樓 近林口站近學校  附近有大型商場、超市以及在地市場  more
林口區,25,森禾-近林口交流道文教區美建地,3969萬75.93坪(地坪),森禾-近林口交流道文教區美建地 物件編號 VB00827 Prev Next 7 3969萬75.93坪(地坪) 新北市林口區國宅段 土地 近學校  此建地周遭的交通與生活機能都很完善  more
林口區,25,東湖國小邊間庭院透天,3988萬5房4廳4衛4陽 66.94坪(建坪),東湖國小邊間庭院透天 物件編號 ZB05484 Prev Next 9 3988萬5房4廳4衛4陽 66.94坪(建坪) 新北市林口區佳林路 透天 19.3年 1-4 / 4樓 近學校近市場  近東湖國小.多線公車.交通方便  more
林口區,25,林口嘉寶二段大土地,33000萬9187.93坪(地坪),林口嘉寶二段大土地 物件編號 TB08856 Prev Next 7 33000萬9187.93坪(地坪) 新北市林口區 土地 近學校  近嘉寶國小台17線有公車行駛交通便利  more
林口區,25,林口麗園陽光溫馨3房,1268萬3房(室)2廳2衛30.39坪(建坪),林口麗園陽光溫馨3房 物件編號 TB10835 Prev Next 12 1268萬3房(室)2廳2衛30.39坪(建坪) 新北市林口區麗園二街 華廈 41.6年 7 / 7樓 近長庚醫院站近林口站近學校近市場  低公設比，室內坪效大  more
林口區,25,幸福市事務所含車位,1488萬降價,幸福市事務所含車位 物件編號 TB10772 Prev Next 12 1488萬降價 1358萬2房(室)2廳1衛37.1坪(建坪) 新北市林口區文化三路二段 大樓 15.3年 3 / 19樓 近林口站近學校近市場  事務所2房2廳1衛+前後陽台+平面坡道車  more
林口區,25,有朋之里精裝2房車,1398萬2房(室)2廳1衛31.68坪(建坪),有朋之里精裝2房車 物件編號 TB11468 Prev Next 9 1398萬2房(室)2廳1衛31.68坪(建坪) 新北市林口區文化三路二段 大樓 17.3年 7 / 11樓 近林口站近學校近市場  家樂福生活圈內，生活機能便利  more
林口區,25,森聯上上謙森治露臺2房2衛車,1588萬2房(室)2廳2衛33.26坪(建坪),森聯上上謙森治露臺2房2衛車 物件編號 TB10981 Prev Next 3 1588萬2房(室)2廳2衛33.26坪(建坪) 新北市林口區文化三路二段 大樓 預售屋 2 / 15樓 近林口站近長庚醫院站近學校  稀有釋出兩房兩衛露臺戶  more
林口區,25,A9捷運三井龍揚天廈二房車位,1638萬2房(室)2廳1衛31.27坪(建坪),A9捷運三井龍揚天廈二房車位 物件編號 TB09089 Prev Next 8 1638萬2房(室)2廳1衛31.27坪(建坪) 新北市林口區文化二路一段 大樓 31.2年 11 / 16樓 近林口站近學校近市場  鄰近Outlet購物中心  more
林口區,25,活力城高樓溫馨美裝2房車,1668萬2房(室)2廳1衛37.89坪(建坪),活力城高樓溫馨美裝2房車 物件編號 TB10997 Prev Next 7 1668萬2房(室)2廳1衛37.89坪(建坪) 新北市林口區中山路 大樓 17.9年 12 / 15樓 近林口站近學校近市場  全室裝潢.簡單整理即可入住  more
林口區,26,森禾A9三井OUTLET旁透店,4768萬3房(室)2廳4衛74.95坪(建坪),森禾A9三井OUTLET旁透店 物件編號 VB00792 Prev Next 16 4768萬3房(室)2廳4衛74.95坪(建坪) 新北市林口區民族路 透天 18.8年 1-4 / 4樓 近林口站近學校  附近有大型商場、超市以及在地市場  more
林口區,26,森禾-近林口交流道文教區美建地,3969萬75.93坪(地坪),森禾-近林口交流道文教區美建地 物件編號 VB00827 Prev Next 7 3969萬75.93坪(地坪) 新北市林口區國宅段 土地 近學校  此建地周遭的交通與生活機能都很完善  more
林口區,26,東湖國小邊間庭院透天,3988萬5房4廳4衛4陽 66.94坪(建坪),東湖國小邊間庭院透天 物件編號 ZB05484 Prev Next 9 3988萬5房4廳4衛4陽 66.94坪(建坪) 新北市林口區佳林路 透天 19.3年 1-4 / 4樓 近學校近市場  近東湖國小.多線公車.交通方便  more
林口區,26,林口嘉寶二段大土地,33000萬9187.93坪(地坪),林口嘉寶二段大土地 物件編號 TB08856 Prev Next 7 33000萬9187.93坪(地坪) 新北市林口區 土地 近學校  近嘉寶國小台17線有公車行駛交通便利  more
林口區,26,林口麗園陽光溫馨3房,1268萬3房(室)2廳2衛30.39坪(建坪),林口麗園陽光溫馨3房 物件編號 TB10835 Prev Next 12 1268萬3房(室)2廳2衛30.39坪(建坪) 新北市林口區麗園二街 華廈 41.6年 7 / 7樓 近長庚醫院站近林口站近學校近市場  低公設比，室內坪效大  more
林口區,26,幸福市事務所含車位,1488萬降價,幸福市事務所含車位 物件編號 TB10772 Prev Next 12 1488萬降價 1358萬2房(室)2廳1衛37.1坪(建坪) 新北市林口區文化三路二段 大樓 15.3年 3 / 19樓 近林口站近學校近市場  事務所2房2廳1衛+前後陽台+平面坡道車  more
林口區,26,有朋之里精裝2房車,1398萬2房(室)2廳1衛31.68坪(建坪),有朋之里精裝2房車 物件編號 TB11468 Prev Next 9 1398萬2房(室)2廳1衛31.68坪(建坪) 新北市林口區文化三路二段 大樓 17.3年 7 / 11樓 近林口站近學校近市場  家樂福生活圈內，生活機能便利  more
林口區,26,森聯上上謙森治露臺2房2衛車,1588萬2房(室)2廳2衛33.26坪(建坪),森聯上上謙森治露臺2房2衛車 物件編號 TB10981 Prev Next 3 1588萬2房(室)2廳2衛33.26坪(建坪) 新北市林口區文化三路二段 大樓 預售屋 2 / 15樓 近林口站近長庚醫院站近學校  稀有釋出兩房兩衛露臺戶  more
林口區,26,A9捷運三井龍揚天廈二房車位,1638萬2房(室)2廳1衛31.27坪(建坪),A9捷運三井龍揚天廈二房車位 物件編號 TB09089 Prev Next 8 1638萬2房(室)2廳1衛31.27坪(建坪) 新北市林口區文化二路一段 大樓 31.2年 11 / 16樓 近林口站近學校近市場  鄰近Outlet購物中心  more
林口區,26,活力城高樓溫馨美裝2房車,1668萬2房(室)2廳1衛37.89坪(建坪),活力城高樓溫馨美裝2房車 物件編號 TB10997 Prev Next 7 1668萬2房(室)2廳1衛37.89坪(建坪) 新北市林口區中山路 大樓 17.9年 12 / 15樓 近林口站近學校近市場  全室裝潢.簡單整理即可入住  more
林口區,27,森禾A9三井OUTLET旁透店,4768萬3房(室)2廳4衛74.95坪(建坪),森禾A9三井OUTLET旁透店 物件編號 VB00792 Prev Next 16 4768萬3房(室)2廳4衛74.95坪(建坪) 新北市林口區民族路 透天 18.8年 1-4 / 4樓 近林口站近學校  附近有大型商場、超市以及在地市場  more
林口區,27,森禾-近林口交流道文教區美建地,3969萬75.93坪(地坪),森禾-近林口交流道文教區美建地 物件編號 VB00827 Prev Next 7 3969萬75.93坪(地坪) 新北市林口區國宅段 土地 近學校  此建地周遭的交通與生活機能都很完善  more
林口區,27,東湖國小邊間庭院透天,3988萬5房4廳4衛4陽 66.94坪(建坪),東湖國小邊間庭院透天 物件編號 ZB05484 Prev Next 9 3988萬5房4廳4衛4陽 66.94坪(建坪) 新北市林口區佳林路 透天 19.3年 1-4 / 4樓 近學校近市場  近東湖國小.多線公車.交通方便  more
林口區,27,林口嘉寶二段大土地,33000萬9187.93坪(地坪),林口嘉寶二段大土地 物件編號 TB08856 Prev Next 7 33000萬9187.93坪(地坪) 新北市林口區 土地 近學校  近嘉寶國小台17線有公車行駛交通便利  more
林口區,27,林口麗園陽光溫馨3房,1268萬3房(室)2廳2衛30.39坪(建坪),林口麗園陽光溫馨3房 物件編號 TB10835 Prev Next 12 1268萬3房(室)2廳2衛30.39坪(建坪) 新北市林口區麗園二街 華廈 41.6年 7 / 7樓 近長庚醫院站近林口站近學校近市場  低公設比，室內坪效大  more
林口區,27,幸福市事務所含車位,1488萬降價,幸福市事務所含車位 物件編號 TB10772 Prev Next 12 1488萬降價 1358萬2房(室)2廳1衛37.1坪(建坪) 新北市林口區文化三路二段 大樓 15.3年 3 / 19樓 近林口站近學校近市場  事務所2房2廳1衛+前後陽台+平面坡道車  more
林口區,27,有朋之里精裝2房車,1398萬2房(室)2廳1衛31.68坪(建坪),有朋之里精裝2房車 物件編號 TB11468 Prev Next 9 1398萬2房(室)2廳1衛31.68坪(建坪) 新北市林口區文化三路二段 大樓 17.3年 7 / 11樓 近林口站近學校近市場  家樂福生活圈內，生活機能便利  more
林口區,27,森聯上上謙森治露臺2房2衛車,1588萬2房(室)2廳2衛33.26坪(建坪),森聯上上謙森治露臺2房2衛車 物件編號 TB10981 Prev Next 3 1588萬2房(室)2廳2衛33.26坪(建坪) 新北市林口區文化三路二段 大樓 預售屋 2 / 15樓 近林口站近長庚醫院站近學校  稀有釋出兩房兩衛露臺戶  more
林口區,27,A9捷運三井龍揚天廈二房車位,1638萬2房(室)2廳1衛31.27坪(建坪),A9捷運三井龍揚天廈二房車位 物件編號 TB09089 Prev Next 8 1638萬2房(室)2廳1衛31.27坪(建坪) 新北市林口區文化二路一段 大樓 31.2年 11 / 16樓 近林口站近學校近市場  鄰近Outlet購物中心  more
林口區,27,活力城高樓溫馨美裝2房車,1668萬2房(室)2廳1衛37.89坪(建坪),活力城高樓溫馨美裝2房車 物件編號 TB10997 Prev Next 7 1668萬2房(室)2廳1衛37.89坪(建坪) 新北市林口區中山路 大樓 17.9年 12 / 15樓 近林口站近學校近市場  全室裝潢.簡單整理即可入住  more
林口區,28,森禾A9三井OUTLET旁透店,4768萬3房(室)2廳4衛74.95坪(建坪),森禾A9三井OUTLET旁透店 物件編號 VB00792 Prev Next 16 4768萬3房(室)2廳4衛74.95坪(建坪) 新北市林口區民族路 透天 18.8年 1-4 / 4樓 近林口站近學校  附近有大型商場、超市以及在地市場  more
林口區,28,森禾-近林口交流道文教區美建地,3969萬75.93坪(地坪),森禾-近林口交流道文教區美建地 物件編號 VB00827 Prev Next 7 3969萬75.93坪(地坪) 新北市林口區國宅段 土地 近學校  此建地周遭的交通與生活機能都很完善  more
林口區,28,東湖國小邊間庭院透天,3988萬5房4廳4衛4陽 66.94坪(建坪),東湖國小邊間庭院透天 物件編號 ZB05484 Prev Next 9 3988萬5房4廳4衛4陽 66.94坪(建坪) 新北市林口區佳林路 透天 19.3年 1-4 / 4樓 近學校近市場  近東湖國小.多線公車.交通方便  more
林口區,28,林口嘉寶二段大土地,33000萬9187.93坪(地坪),林口嘉寶二段大土地 物件編號 TB08856 Prev Next 7 33000萬9187.93坪(地坪) 新北市林口區 土地 近學校  近嘉寶國小台17線有公車行駛交通便利  more
林口區,28,林口麗園陽光溫馨3房,1268萬3房(室)2廳2衛30.39坪(建坪),林口麗園陽光溫馨3房 物件編號 TB10835 Prev Next 12 1268萬3房(室)2廳2衛30.39坪(建坪) 新北市林口區麗園二街 華廈 41.6年 7 / 7樓 近長庚醫院站近林口站近學校近市場  低公設比，室內坪效大  more
林口區,28,幸福市事務所含車位,1488萬降價,幸福市事務所含車位 物件編號 TB10772 Prev Next 12 1488萬降價 1358萬2房(室)2廳1衛37.1坪(建坪) 新北市林口區文化三路二段 大樓 15.3年 3 / 19樓 近林口站近學校近市場  事務所2房2廳1衛+前後陽台+平面坡道車  more
林口區,28,有朋之里精裝2房車,1398萬2房(室)2廳1衛31.68坪(建坪),有朋之里精裝2房車 物件編號 TB11468 Prev Next 9 1398萬2房(室)2廳1衛31.68坪(建坪) 新北市林口區文化三路二段 大樓 17.3年 7 / 11樓 近林口站近學校近市場  家樂福生活圈內，生活機能便利  more
林口區,28,森聯上上謙森治露臺2房2衛車,1588萬2房(室)2廳2衛33.26坪(建坪),森聯上上謙森治露臺2房2衛車 物件編號 TB10981 Prev Next 3 1588萬2房(室)2廳2衛33.26坪(建坪) 新北市林口區文化三路二段 大樓 預售屋 2 / 15樓 近林口站近長庚醫院站近學校  稀有釋出兩房兩衛露臺戶  more
林口區,28,A9捷運三井龍揚天廈二房車位,1638萬2房(室)2廳1衛31.27坪(建坪),A9捷運三井龍揚天廈二房車位 物件編號 TB09089 Prev Next 8 1638萬2房(室)2廳1衛31.27坪(建坪) 新北市林口區文化二路一段 大樓 31.2年 11 / 16樓 近林口站近學校近市場  鄰近Outlet購物中心  more
林口區,28,活力城高樓溫馨美裝2房車,1668萬2房(室)2廳1衛37.89坪(建坪),活力城高樓溫馨美裝2房車 物件編號 TB10997 Prev Next 7 1668萬2房(室)2廳1衛37.89坪(建坪) 新北市林口區中山路 大樓 17.9年 12 / 15樓 近林口站近學校近市場  全室裝潢.簡單整理即可入住  more
林口區,29,森禾A9三井OUTLET旁透店,4768萬3房(室)2廳4衛74.95坪(建坪),森禾A9三井OUTLET旁透店 物件編號 VB00792 Prev Next 16 4768萬3房(室)2廳4衛74.95坪(建坪) 新北市林口區民族路 透天 18.8年 1-4 / 4樓 近林口站近學校  附近有大型商場、超市以及在地市場  more
林口區,29,森禾-近林口交流道文教區美建地,3969萬75.93坪(地坪),森禾-近林口交流道文教區美建地 物件編號 VB00827 Prev Next 7 3969萬75.93坪(地坪) 新北市林口區國宅段 土地 近學校  此建地周遭的交通與生活機能都很完善  more
林口區,29,東湖國小邊間庭院透天,3988萬5房4廳4衛4陽 66.94坪(建坪),東湖國小邊間庭院透天 物件編號 ZB05484 Prev Next 9 3988萬5房4廳4衛4陽 66.94坪(建坪) 新北市林口區佳林路 透天 19.3年 1-4 / 4樓 近學校近市場  近東湖國小.多線公車.交通方便  more
林口區,29,林口嘉寶二段大土地,33000萬9187.93坪(地坪),林口嘉寶二段大土地 物件編號 TB08856 Prev Next 7 33000萬9187.93坪(地坪) 新北市林口區 土地 近學校  近嘉寶國小台17線有公車行駛交通便利  more
林口區,29,林口麗園陽光溫馨3房,1268萬3房(室)2廳2衛30.39坪(建坪),林口麗園陽光溫馨3房 物件編號 TB10835 Prev Next 12 1268萬3房(室)2廳2衛30.39坪(建坪) 新北市林口區麗園二街 華廈 41.6年 7 / 7樓 近長庚醫院站近林口站近學校近市場  低公設比，室內坪效大  more
林口區,29,幸福市事務所含車位,1488萬降價,幸福市事務所含車位 物件編號 TB10772 Prev Next 12 1488萬降價 1358萬2房(室)2廳1衛37.1坪(建坪) 新北市林口區文化三路二段 大樓 15.3年 3 / 19樓 近林口站近學校近市場  事務所2房2廳1衛+前後陽台+平面坡道車  more
林口區,29,有朋之里精裝2房車,1398萬2房(室)2廳1衛31.68坪(建坪),有朋之里精裝2房車 物件編號 TB11468 Prev Next 9 1398萬2房(室)2廳1衛31.68坪(建坪) 新北市林口區文化三路二段 大樓 17.3年 7 / 11樓 近林口站近學校近市場  家樂福生活圈內，生活機能便利  more
林口區,29,森聯上上謙森治露臺2房2衛車,1588萬2房(室)2廳2衛33.26坪(建坪),森聯上上謙森治露臺2房2衛車 物件編號 TB10981 Prev Next 3 1588萬2房(室)2廳2衛33.26坪(建坪) 新北市林口區文化三路二段 大樓 預售屋 2 / 15樓 近林口站近長庚醫院站近學校  稀有釋出兩房兩衛露臺戶  more
林口區,29,A9捷運三井龍揚天廈二房車位,1638萬2房(室)2廳1衛31.27坪(建坪),A9捷運三井龍揚天廈二房車位 物件編號 TB09089 Prev Next 8 1638萬2房(室)2廳1衛31.27坪(建坪) 新北市林口區文化二路一段 大樓 31.2年 11 / 16樓 近林口站近學校近市場  鄰近Outlet購物中心  more
林口區,29,活力城高樓溫馨美裝2房車,1668萬2房(室)2廳1衛37.89坪(建坪),活力城高樓溫馨美裝2房車 物件編號 TB10997 Prev Next 7 1668萬2房(室)2廳1衛37.89坪(建坪) 新北市林口區中山路 大樓 17.9年 12 / 15樓 近林口站近學校近市場  全室裝潢.簡單整理即可入住  more
林口區,30,森禾A9三井OUTLET旁透店,4768萬3房(室)2廳4衛74.95坪(建坪),森禾A9三井OUTLET旁透店 物件編號 VB00792 Prev Next 16 4768萬3房(室)2廳4衛74.95坪(建坪) 新北市林口區民族路 透天 18.8年 1-4 / 4樓 近林口站近學校  附近有大型商場、超市以及在地市場  more
林口區,30,森禾-近林口交流道文教區美建地,3969萬75.93坪(地坪),森禾-近林口交流道文教區美建地 物件編號 VB00827 Prev Next 7 3969萬75.93坪(地坪) 新北市林口區國宅段 土地 近學校  此建地周遭的交通與生活機能都很完善  more
林口區,30,東湖國小邊間庭院透天,3988萬5房4廳4衛4陽 66.94坪(建坪),東湖國小邊間庭院透天 物件編號 ZB05484 Prev Next 9 3988萬5房4廳4衛4陽 66.94坪(建坪) 新北市林口區佳林路 透天 19.3年 1-4 / 4樓 近學校近市場  近東湖國小.多線公車.交通方便  more
林口區,30,林口嘉寶二段大土地,33000萬9187.93坪(地坪),林口嘉寶二段大土地 物件編號 TB08856 Prev Next 7 33000萬9187.93坪(地坪) 新北市林口區 土地 近學校  近嘉寶國小台17線有公車行駛交通便利  more
林口區,30,林口麗園陽光溫馨3房,1268萬3房(室)2廳2衛30.39坪(建坪),林口麗園陽光溫馨3房 物件編號 TB10835 Prev Next 12 1268萬3房(室)2廳2衛30.39坪(建坪) 新北市林口區麗園二街 華廈 41.6年 7 / 7樓 近長庚醫院站近林口站近學校近市場  低公設比，室內坪效大  more
林口區,30,幸福市事務所含車位,1488萬降價,幸福市事務所含車位 物件編號 TB10772 Prev Next 12 1488萬降價 1358萬2房(室)2廳1衛37.1坪(建坪) 新北市林口區文化三路二段 大樓 15.3年 3 / 19樓 近林口站近學校近市場  事務所2房2廳1衛+前後陽台+平面坡道車  more
林口區,30,有朋之里精裝2房車,1398萬2房(室)2廳1衛31.68坪(建坪),有朋之里精裝2房車 物件編號 TB11468 Prev Next 9 1398萬2房(室)2廳1衛31.68坪(建坪) 新北市林口區文化三路二段 大樓 17.3年 7 / 11樓 近林口站近學校近市場  家樂福生活圈內，生活機能便利  more
林口區,30,森聯上上謙森治露臺2房2衛車,1588萬2房(室)2廳2衛33.26坪(建坪),森聯上上謙森治露臺2房2衛車 物件編號 TB10981 Prev Next 3 1588萬2房(室)2廳2衛33.26坪(建坪) 新北市林口區文化三路二段 大樓 預售屋 2 / 15樓 近林口站近長庚醫院站近學校  稀有釋出兩房兩衛露臺戶  more
林口區,30,A9捷運三井龍揚天廈二房車位,1638萬2房(室)2廳1衛31.27坪(建坪),A9捷運三井龍揚天廈二房車位 物件編號 TB09089 Prev Next 8 1638萬2房(室)2廳1衛31.27坪(建坪) 新北市林口區文化二路一段 大樓 31.2年 11 / 16樓 近林口站近學校近市場  鄰近Outlet購物中心  more
林口區,30,活力城高樓溫馨美裝2房車,1668萬2房(室)2廳1衛37.89坪(建坪),活力城高樓溫馨美裝2房車 物件編號 TB10997 Prev Next 7 1668萬2房(室)2廳1衛37.89坪(建坪) 新北市林口區中山路 大樓 17.9年 12 / 15樓 近林口站近學校近市場  全室裝潢.簡單整理即可入住  more
林口區,31,森禾A9三井OUTLET旁透店,4768萬3房(室)2廳4衛74.95坪(建坪),森禾A9三井OUTLET旁透店 物件編號 VB00792 Prev Next 16 4768萬3房(室)2廳4衛74.95坪(建坪) 新北市林口區民族路 透天 18.8年 1-4 / 4樓 近林口站近學校  附近有大型商場、超市以及在地市場  more
林口區,31,森禾-近林口交流道文教區美建地,3969萬75.93坪(地坪),森禾-近林口交流道文教區美建地 物件編號 VB00827 Prev Next 7 3969萬75.93坪(地坪) 新北市林口區國宅段 土地 近學校  此建地周遭的交通與生活機能都很完善  more
林口區,31,東湖國小邊間庭院透天,3988萬5房4廳4衛4陽 66.94坪(建坪),東湖國小邊間庭院透天 物件編號 ZB05484 Prev Next 9 3988萬5房4廳4衛4陽 66.94坪(建坪) 新北市林口區佳林路 透天 19.3年 1-4 / 4樓 近學校近市場  近東湖國小.多線公車.交通方便  more
林口區,31,林口嘉寶二段大土地,33000萬9187.93坪(地坪),林口嘉寶二段大土地 物件編號 TB08856 Prev Next 7 33000萬9187.93坪(地坪) 新北市林口區 土地 近學校  近嘉寶國小台17線有公車行駛交通便利  more
林口區,31,林口麗園陽光溫馨3房,1268萬3房(室)2廳2衛30.39坪(建坪),林口麗園陽光溫馨3房 物件編號 TB10835 Prev Next 12 1268萬3房(室)2廳2衛30.39坪(建坪) 新北市林口區麗園二街 華廈 41.6年 7 / 7樓 近長庚醫院站近林口站近學校近市場  低公設比，室內坪效大  more
林口區,31,幸福市事務所含車位,1488萬降價,幸福市事務所含車位 物件編號 TB10772 Prev Next 12 1488萬降價 1358萬2房(室)2廳1衛37.1坪(建坪) 新北市林口區文化三路二段 大樓 15.3年 3 / 19樓 近林口站近學校近市場  事務所2房2廳1衛+前後陽台+平面坡道車  more
林口區,31,有朋之里精裝2房車,1398萬2房(室)2廳1衛31.68坪(建坪),有朋之里精裝2房車 物件編號 TB11468 Prev Next 9 1398萬2房(室)2廳1衛31.68坪(建坪) 新北市林口區文化三路二段 大樓 17.3年 7 / 11樓 近林口站近學校近市場  家樂福生活圈內，生活機能便利  more
林口區,31,森聯上上謙森治露臺2房2衛車,1588萬2房(室)2廳2衛33.26坪(建坪),森聯上上謙森治露臺2房2衛車 物件編號 TB10981 Prev Next 3 1588萬2房(室)2廳2衛33.26坪(建坪) 新北市林口區文化三路二段 大樓 預售屋 2 / 15樓 近林口站近長庚醫院站近學校  稀有釋出兩房兩衛露臺戶  more
林口區,31,A9捷運三井龍揚天廈二房車位,1638萬2房(室)2廳1衛31.27坪(建坪),A9捷運三井龍揚天廈二房車位 物件編號 TB09089 Prev Next 8 1638萬2房(室)2廳1衛31.27坪(建坪) 新北市林口區文化二路一段 大樓 31.2年 11 / 16樓 近林口站近學校近市場  鄰近Outlet購物中心  more
林口區,31,活力城高樓溫馨美裝2房車,1668萬2房(室)2廳1衛37.89坪(建坪),活力城高樓溫馨美裝2房車 物件編號 TB10997 Prev Next 7 1668萬2房(室)2廳1衛37.89坪(建坪) 新北市林口區中山路 大樓 17.9年 12 / 15樓 近林口站近學校近市場  全室裝潢.簡單整理即可入住  more
林口區,32,森禾A9三井OUTLET旁透店,4768萬3房(室)2廳4衛74.95坪(建坪),森禾A9三井OUTLET旁透店 物件編號 VB00792 Prev Next 16 4768萬3房(室)2廳4衛74.95坪(建坪) 新北市林口區民族路 透天 18.8年 1-4 / 4樓 近林口站近學校  附近有大型商場、超市以及在地市場  more
林口區,32,森禾-近林口交流道文教區美建地,3969萬75.93坪(地坪),森禾-近林口交流道文教區美建地 物件編號 VB00827 Prev Next 7 3969萬75.93坪(地坪) 新北市林口區國宅段 土地 近學校  此建地周遭的交通與生活機能都很完善  more
林口區,32,東湖國小邊間庭院透天,3988萬5房4廳4衛4陽 66.94坪(建坪),東湖國小邊間庭院透天 物件編號 ZB05484 Prev Next 9 3988萬5房4廳4衛4陽 66.94坪(建坪) 新北市林口區佳林路 透天 19.3年 1-4 / 4樓 近學校近市場  近東湖國小.多線公車.交通方便  more
林口區,32,林口嘉寶二段大土地,33000萬9187.93坪(地坪),林口嘉寶二段大土地 物件編號 TB08856 Prev Next 7 33000萬9187.93坪(地坪) 新北市林口區 土地 近學校  近嘉寶國小台17線有公車行駛交通便利  more
林口區,32,林口麗園陽光溫馨3房,1268萬3房(室)2廳2衛30.39坪(建坪),林口麗園陽光溫馨3房 物件編號 TB10835 Prev Next 12 1268萬3房(室)2廳2衛30.39坪(建坪) 新北市林口區麗園二街 華廈 41.6年 7 / 7樓 近長庚醫院站近林口站近學校近市場  低公設比，室內坪效大  more
林口區,32,幸福市事務所含車位,1488萬降價,幸福市事務所含車位 物件編號 TB10772 Prev Next 12 1488萬降價 1358萬2房(室)2廳1衛37.1坪(建坪) 新北市林口區文化三路二段 大樓 15.3年 3 / 19樓 近林口站近學校近市場  事務所2房2廳1衛+前後陽台+平面坡道車  more
林口區,32,有朋之里精裝2房車,1398萬2房(室)2廳1衛31.68坪(建坪),有朋之里精裝2房車 物件編號 TB11468 Prev Next 9 1398萬2房(室)2廳1衛31.68坪(建坪) 新北市林口區文化三路二段 大樓 17.3年 7 / 11樓 近林口站近學校近市場  家樂福生活圈內，生活機能便利  more
林口區,32,森聯上上謙森治露臺2房2衛車,1588萬2房(室)2廳2衛33.26坪(建坪),森聯上上謙森治露臺2房2衛車 物件編號 TB10981 Prev Next 3 1588萬2房(室)2廳2衛33.26坪(建坪) 新北市林口區文化三路二段 大樓 預售屋 2 / 15樓 近林口站近長庚醫院站近學校  稀有釋出兩房兩衛露臺戶  more
林口區,32,A9捷運三井龍揚天廈二房車位,1638萬2房(室)2廳1衛31.27坪(建坪),A9捷運三井龍揚天廈二房車位 物件編號 TB09089 Prev Next 8 1638萬2房(室)2廳1衛31.27坪(建坪) 新北市林口區文化二路一段 大樓 31.2年 11 / 16樓 近林口站近學校近市場  鄰近Outlet購物中心  more
林口區,32,活力城高樓溫馨美裝2房車,1668萬2房(室)2廳1衛37.89坪(建坪),活力城高樓溫馨美裝2房車 物件編號 TB10997 Prev Next 7 1668萬2房(室)2廳1衛37.89坪(建坪) 新北市林口區中山路 大樓 17.9年 12 / 15樓 近林口站近學校近市場  全室裝潢.簡單整理即可入住  more
林口區,33,森禾A9三井OUTLET旁透店,4768萬3房(室)2廳4衛74.95坪(建坪),森禾A9三井OUTLET旁透店 物件編號 VB00792 Prev Next 16 4768萬3房(室)2廳4衛74.95坪(建坪) 新北市林口區民族路 透天 18.8年 1-4 / 4樓 近林口站近學校  附近有大型商場、超市以及在地市場  more
林口區,33,森禾-近林口交流道文教區美建地,3969萬75.93坪(地坪),森禾-近林口交流道文教區美建地 物件編號 VB00827 Prev Next 7 3969萬75.93坪(地坪) 新北市林口區國宅段 土地 近學校  此建地周遭的交通與生活機能都很完善  more
林口區,33,東湖國小邊間庭院透天,3988萬5房4廳4衛4陽 66.94坪(建坪),東湖國小邊間庭院透天 物件編號 ZB05484 Prev Next 9 3988萬5房4廳4衛4陽 66.94坪(建坪) 新北市林口區佳林路 透天 19.3年 1-4 / 4樓 近學校近市場  近東湖國小.多線公車.交通方便  more
林口區,33,林口嘉寶二段大土地,33000萬9187.93坪(地坪),林口嘉寶二段大土地 物件編號 TB08856 Prev Next 7 33000萬9187.93坪(地坪) 新北市林口區 土地 近學校  近嘉寶國小台17線有公車行駛交通便利  more
林口區,33,林口麗園陽光溫馨3房,1268萬3房(室)2廳2衛30.39坪(建坪),林口麗園陽光溫馨3房 物件編號 TB10835 Prev Next 12 1268萬3房(室)2廳2衛30.39坪(建坪) 新北市林口區麗園二街 華廈 41.6年 7 / 7樓 近長庚醫院站近林口站近學校近市場  低公設比，室內坪效大  more
林口區,33,幸福市事務所含車位,1488萬降價,幸福市事務所含車位 物件編號 TB10772 Prev Next 12 1488萬降價 1358萬2房(室)2廳1衛37.1坪(建坪) 新北市林口區文化三路二段 大樓 15.3年 3 / 19樓 近林口站近學校近市場  事務所2房2廳1衛+前後陽台+平面坡道車  more
林口區,33,有朋之里精裝2房車,1398萬2房(室)2廳1衛31.68坪(建坪),有朋之里精裝2房車 物件編號 TB11468 Prev Next 9 1398萬2房(室)2廳1衛31.68坪(建坪) 新北市林口區文化三路二段 大樓 17.3年 7 / 11樓 近林口站近學校近市場  家樂福生活圈內，生活機能便利  more
林口區,33,森聯上上謙森治露臺2房2衛車,1588萬2房(室)2廳2衛33.26坪(建坪),森聯上上謙森治露臺2房2衛車 物件編號 TB10981 Prev Next 3 1588萬2房(室)2廳2衛33.26坪(建坪) 新北市林口區文化三路二段 大樓 預售屋 2 / 15樓 近林口站近長庚醫院站近學校  稀有釋出兩房兩衛露臺戶  more
林口區,33,A9捷運三井龍揚天廈二房車位,1638萬2房(室)2廳1衛31.27坪(建坪),A9捷運三井龍揚天廈二房車位 物件編號 TB09089 Prev Next 8 1638萬2房(室)2廳1衛31.27坪(建坪) 新北市林口區文化二路一段 大樓 31.2年 11 / 16樓 近林口站近學校近市場  鄰近Outlet購物中心  more
林口區,33,活力城高樓溫馨美裝2房車,1668萬2房(室)2廳1衛37.89坪(建坪),活力城高樓溫馨美裝2房車 物件編號 TB10997 Prev Next 7 1668萬2房(室)2廳1衛37.89坪(建坪) 新北市林口區中山路 大樓 17.9年 12 / 15樓 近林口站近學校近市場  全室裝潢.簡單整理即可入住  more
林口區,34,森禾A9三井OUTLET旁透店,4768萬3房(室)2廳4衛74.95坪(建坪),森禾A9三井OUTLET旁透店 物件編號 VB00792 Prev Next 16 4768萬3房(室)2廳4衛74.95坪(建坪) 新北市林口區民族路 透天 18.8年 1-4 / 4樓 近林口站近學校  附近有大型商場、超市以及在地市場  more
林口區,34,森禾-近林口交流道文教區美建地,3969萬75.93坪(地坪),森禾-近林口交流道文教區美建地 物件編號 VB00827 Prev Next 7 3969萬75.93坪(地坪) 新北市林口區國宅段 土地 近學校  此建地周遭的交通與生活機能都很完善  more
林口區,34,東湖國小邊間庭院透天,3988萬5房4廳4衛4陽 66.94坪(建坪),東湖國小邊間庭院透天 物件編號 ZB05484 Prev Next 9 3988萬5房4廳4衛4陽 66.94坪(建坪) 新北市林口區佳林路 透天 19.3年 1-4 / 4樓 近學校近市場  近東湖國小.多線公車.交通方便  more
林口區,34,林口嘉寶二段大土地,33000萬9187.93坪(地坪),林口嘉寶二段大土地 物件編號 TB08856 Prev Next 7 33000萬9187.93坪(地坪) 新北市林口區 土地 近學校  近嘉寶國小台17線有公車行駛交通便利  more
林口區,34,林口麗園陽光溫馨3房,1268萬3房(室)2廳2衛30.39坪(建坪),林口麗園陽光溫馨3房 物件編號 TB10835 Prev Next 12 1268萬3房(室)2廳2衛30.39坪(建坪) 新北市林口區麗園二街 華廈 41.6年 7 / 7樓 近長庚醫院站近林口站近學校近市場  低公設比，室內坪效大  more
林口區,34,幸福市事務所含車位,1488萬降價,幸福市事務所含車位 物件編號 TB10772 Prev Next 12 1488萬降價 1358萬2房(室)2廳1衛37.1坪(建坪) 新北市林口區文化三路二段 大樓 15.3年 3 / 19樓 近林口站近學校近市場  事務所2房2廳1衛+前後陽台+平面坡道車  more
林口區,34,有朋之里精裝2房車,1398萬2房(室)2廳1衛31.68坪(建坪),有朋之里精裝2房車 物件編號 TB11468 Prev Next 9 1398萬2房(室)2廳1衛31.68坪(建坪) 新北市林口區文化三路二段 大樓 17.3年 7 / 11樓 近林口站近學校近市場  家樂福生活圈內，生活機能便利  more
林口區,34,森聯上上謙森治露臺2房2衛車,1588萬2房(室)2廳2衛33.26坪(建坪),森聯上上謙森治露臺2房2衛車 物件編號 TB10981 Prev Next 3 1588萬2房(室)2廳2衛33.26坪(建坪) 新北市林口區文化三路二段 大樓 預售屋 2 / 15樓 近林口站近長庚醫院站近學校  稀有釋出兩房兩衛露臺戶  more
林口區,34,A9捷運三井龍揚天廈二房車位,1638萬2房(室)2廳1衛31.27坪(建坪),A9捷運三井龍揚天廈二房車位 物件編號 TB09089 Prev Next 8 1638萬2房(室)2廳1衛31.27坪(建坪) 新北市林口區文化二路一段 大樓 31.2年 11 / 16樓 近林口站近學校近市場  鄰近Outlet購物中心  more
林口區,34,活力城高樓溫馨美裝2房車,1668萬2房(室)2廳1衛37.89坪(建坪),活力城高樓溫馨美裝2房車 物件編號 TB10997 Prev Next 7 1668萬2房(室)2廳1衛37.89坪(建坪) 新北市林口區中山路 大樓 17.9年 12 / 15樓 近林口站近學校近市場  全室裝潢.簡單整理即可入住  more
林口區,35,森禾A9三井OUTLET旁透店,4768萬3房(室)2廳4衛74.95坪(建坪),森禾A9三井OUTLET旁透店 物件編號 VB00792 Prev Next 16 4768萬3房(室)2廳4衛74.95坪(建坪) 新北市林口區民族路 透天 18.8年 1-4 / 4樓 近林口站近學校  附近有大型商場、超市以及在地市場  more
林口區,35,森禾-近林口交流道文教區美建地,3969萬75.93坪(地坪),森禾-近林口交流道文教區美建地 物件編號 VB00827 Prev Next 7 3969萬75.93坪(地坪) 新北市林口區國宅段 土地 近學校  此建地周遭的交通與生活機能都很完善  more
林口區,35,東湖國小邊間庭院透天,3988萬5房4廳4衛4陽 66.94坪(建坪),東湖國小邊間庭院透天 物件編號 ZB05484 Prev Next 9 3988萬5房4廳4衛4陽 66.94坪(建坪) 新北市林口區佳林路 透天 19.3年 1-4 / 4樓 近學校近市場  近東湖國小.多線公車.交通方便  more
林口區,35,林口嘉寶二段大土地,33000萬9187.93坪(地坪),林口嘉寶二段大土地 物件編號 TB08856 Prev Next 7 33000萬9187.93坪(地坪) 新北市林口區 土地 近學校  近嘉寶國小台17線有公車行駛交通便利  more
林口區,35,林口麗園陽光溫馨3房,1268萬3房(室)2廳2衛30.39坪(建坪),林口麗園陽光溫馨3房 物件編號 TB10835 Prev Next 12 1268萬3房(室)2廳2衛30.39坪(建坪) 新北市林口區麗園二街 華廈 41.6年 7 / 7樓 近長庚醫院站近林口站近學校近市場  低公設比，室內坪效大  more
林口區,35,幸福市事務所含車位,1488萬降價,幸福市事務所含車位 物件編號 TB10772 Prev Next 12 1488萬降價 1358萬2房(室)2廳1衛37.1坪(建坪) 新北市林口區文化三路二段 大樓 15.3年 3 / 19樓 近林口站近學校近市場  事務所2房2廳1衛+前後陽台+平面坡道車  more
林口區,35,有朋之里精裝2房車,1398萬2房(室)2廳1衛31.68坪(建坪),有朋之里精裝2房車 物件編號 TB11468 Prev Next 9 1398萬2房(室)2廳1衛31.68坪(建坪) 新北市林口區文化三路二段 大樓 17.3年 7 / 11樓 近林口站近學校近市場  家樂福生活圈內，生活機能便利  more
林口區,35,森聯上上謙森治露臺2房2衛車,1588萬2房(室)2廳2衛33.26坪(建坪),森聯上上謙森治露臺2房2衛車 物件編號 TB10981 Prev Next 3 1588萬2房(室)2廳2衛33.26坪(建坪) 新北市林口區文化三路二段 大樓 預售屋 2 / 15樓 近林口站近長庚醫院站近學校  稀有釋出兩房兩衛露臺戶  more
林口區,35,A9捷運三井龍揚天廈二房車位,1638萬2房(室)2廳1衛31.27坪(建坪),A9捷運三井龍揚天廈二房車位 物件編號 TB09089 Prev Next 8 1638萬2房(室)2廳1衛31.27坪(建坪) 新北市林口區文化二路一段 大樓 31.2年 11 / 16樓 近林口站近學校近市場  鄰近Outlet購物中心  more
林口區,35,活力城高樓溫馨美裝2房車,1668萬2房(室)2廳1衛37.89坪(建坪),活力城高樓溫馨美裝2房車 物件編號 TB10997 Prev Next 7 1668萬2房(室)2廳1衛37.89坪(建坪) 新北市林口區中山路 大樓 17.9年 12 / 15樓 近林口站近學校近市場  全室裝潢.簡單整理即可入住  more
林口區,36,森禾A9三井OUTLET旁透店,4768萬3房(室)2廳4衛74.95坪(建坪),森禾A9三井OUTLET旁透店 物件編號 VB00792 Prev Next 16 4768萬3房(室)2廳4衛74.95坪(建坪) 新北市林口區民族路 透天 18.8年 1-4 / 4樓 近林口站近學校  附近有大型商場、超市以及在地市場  more
林口區,36,森禾-近林口交流道文教區美建地,3969萬75.93坪(地坪),森禾-近林口交流道文教區美建地 物件編號 VB00827 Prev Next 7 3969萬75.93坪(地坪) 新北市林口區國宅段 土地 近學校  此建地周遭的交通與生活機能都很完善  more
林口區,36,東湖國小邊間庭院透天,3988萬5房4廳4衛4陽 66.94坪(建坪),東湖國小邊間庭院透天 物件編號 ZB05484 Prev Next 9 3988萬5房4廳4衛4陽 66.94坪(建坪) 新北市林口區佳林路 透天 19.3年 1-4 / 4樓 近學校近市場  近東湖國小.多線公車.交通方便  more
林口區,36,林口嘉寶二段大土地,33000萬9187.93坪(地坪),林口嘉寶二段大土地 物件編號 TB08856 Prev Next 7 33000萬9187.93坪(地坪) 新北市林口區 土地 近學校  近嘉寶國小台17線有公車行駛交通便利  more
林口區,36,林口麗園陽光溫馨3房,1268萬3房(室)2廳2衛30.39坪(建坪),林口麗園陽光溫馨3房 物件編號 TB10835 Prev Next 12 1268萬3房(室)2廳2衛30.39坪(建坪) 新北市林口區麗園二街 華廈 41.6年 7 / 7樓 近長庚醫院站近林口站近學校近市場  低公設比，室內坪效大  more
林口區,36,幸福市事務所含車位,1488萬降價,幸福市事務所含車位 物件編號 TB10772 Prev Next 12 1488萬降價 1358萬2房(室)2廳1衛37.1坪(建坪) 新北市林口區文化三路二段 大樓 15.3年 3 / 19樓 近林口站近學校近市場  事務所2房2廳1衛+前後陽台+平面坡道車  more
林口區,36,有朋之里精裝2房車,1398萬2房(室)2廳1衛31.68坪(建坪),有朋之里精裝2房車 物件編號 TB11468 Prev Next 9 1398萬2房(室)2廳1衛31.68坪(建坪) 新北市林口區文化三路二段 大樓 17.3年 7 / 11樓 近林口站近學校近市場  家樂福生活圈內，生活機能便利  more
林口區,36,森聯上上謙森治露臺2房2衛車,1588萬2房(室)2廳2衛33.26坪(建坪),森聯上上謙森治露臺2房2衛車 物件編號 TB10981 Prev Next 3 1588萬2房(室)2廳2衛33.26坪(建坪) 新北市林口區文化三路二段 大樓 預售屋 2 / 15樓 近林口站近長庚醫院站近學校  稀有釋出兩房兩衛露臺戶  more
林口區,36,A9捷運三井龍揚天廈二房車位,1638萬2房(室)2廳1衛31.27坪(建坪),A9捷運三井龍揚天廈二房車位 物件編號 TB09089 Prev Next 8 1638萬2房(室)2廳1衛31.27坪(建坪) 新北市林口區文化二路一段 大樓 31.2年 11 / 16樓 近林口站近學校近市場  鄰近Outlet購物中心  more
林口區,36,活力城高樓溫馨美裝2房車,1668萬2房(室)2廳1衛37.89坪(建坪),活力城高樓溫馨美裝2房車 物件編號 TB10997 Prev Next 7 1668萬2房(室)2廳1衛37.89坪(建坪) 新北市林口區中山路 大樓 17.9年 12 / 15樓 近林口站近學校近市場  全室裝潢.簡單整理即可入住  more
林口區,37,森禾A9三井OUTLET旁透店,4768萬3房(室)2廳4衛74.95坪(建坪),森禾A9三井OUTLET旁透店 物件編號 VB00792 Prev Next 16 4768萬3房(室)2廳4衛74.95坪(建坪) 新北市林口區民族路 透天 18.8年 1-4 / 4樓 近林口站近學校  附近有大型商場、超市以及在地市場  more
林口區,37,森禾-近林口交流道文教區美建地,3969萬75.93坪(地坪),森禾-近林口交流道文教區美建地 物件編號 VB00827 Prev Next 7 3969萬75.93坪(地坪) 新北市林口區國宅段 土地 近學校  此建地周遭的交通與生活機能都很完善  more
林口區,37,東湖國小邊間庭院透天,3988萬5房4廳4衛4陽 66.94坪(建坪),東湖國小邊間庭院透天 物件編號 ZB05484 Prev Next 9 3988萬5房4廳4衛4陽 66.94坪(建坪) 新北市林口區佳林路 透天 19.3年 1-4 / 4樓 近學校近市場  近東湖國小.多線公車.交通方便  more
林口區,37,林口嘉寶二段大土地,33000萬9187.93坪(地坪),林口嘉寶二段大土地 物件編號 TB08856 Prev Next 7 33000萬9187.93坪(地坪) 新北市林口區 土地 近學校  近嘉寶國小台17線有公車行駛交通便利  more
林口區,37,林口麗園陽光溫馨3房,1268萬3房(室)2廳2衛30.39坪(建坪),林口麗園陽光溫馨3房 物件編號 TB10835 Prev Next 12 1268萬3房(室)2廳2衛30.39坪(建坪) 新北市林口區麗園二街 華廈 41.6年 7 / 7樓 近長庚醫院站近林口站近學校近市場  低公設比，室內坪效大  more
林口區,37,幸福市事務所含車位,1488萬降價,幸福市事務所含車位 物件編號 TB10772 Prev Next 12 1488萬降價 1358萬2房(室)2廳1衛37.1坪(建坪) 新北市林口區文化三路二段 大樓 15.3年 3 / 19樓 近林口站近學校近市場  事務所2房2廳1衛+前後陽台+平面坡道車  more
林口區,37,有朋之里精裝2房車,1398萬2房(室)2廳1衛31.68坪(建坪),有朋之里精裝2房車 物件編號 TB11468 Prev Next 9 1398萬2房(室)2廳1衛31.68坪(建坪) 新北市林口區文化三路二段 大樓 17.3年 7 / 11樓 近林口站近學校近市場  家樂福生活圈內，生活機能便利  more
林口區,37,森聯上上謙森治露臺2房2衛車,1588萬2房(室)2廳2衛33.26坪(建坪),森聯上上謙森治露臺2房2衛車 物件編號 TB10981 Prev Next 3 1588萬2房(室)2廳2衛33.26坪(建坪) 新北市林口區文化三路二段 大樓 預售屋 2 / 15樓 近林口站近長庚醫院站近學校  稀有釋出兩房兩衛露臺戶  more
林口區,37,A9捷運三井龍揚天廈二房車位,1638萬2房(室)2廳1衛31.27坪(建坪),A9捷運三井龍揚天廈二房車位 物件編號 TB09089 Prev Next 8 1638萬2房(室)2廳1衛31.27坪(建坪) 新北市林口區文化二路一段 大樓 31.2年 11 / 16樓 近林口站近學校近市場  鄰近Outlet購物中心  more
林口區,37,活力城高樓溫馨美裝2房車,1668萬2房(室)2廳1衛37.89坪(建坪),活力城高樓溫馨美裝2房車 物件編號 TB10997 Prev Next 7 1668萬2房(室)2廳1衛37.89坪(建坪) 新北市林口區中山路 大樓 17.9年 12 / 15樓 近林口站近學校近市場  全室裝潢.簡單整理即可入住  more
林口區,38,森禾A9三井OUTLET旁透店,4768萬3房(室)2廳4衛74.95坪(建坪),森禾A9三井OUTLET旁透店 物件編號 VB00792 Prev Next 16 4768萬3房(室)2廳4衛74.95坪(建坪) 新北市林口區民族路 透天 18.8年 1-4 / 4樓 近林口站近學校  附近有大型商場、超市以及在地市場  more
林口區,38,森禾-近林口交流道文教區美建地,3969萬75.93坪(地坪),森禾-近林口交流道文教區美建地 物件編號 VB00827 Prev Next 7 3969萬75.93坪(地坪) 新北市林口區國宅段 土地 近學校  此建地周遭的交通與生活機能都很完善  more
林口區,38,東湖國小邊間庭院透天,3988萬5房4廳4衛4陽 66.94坪(建坪),東湖國小邊間庭院透天 物件編號 ZB05484 Prev Next 9 3988萬5房4廳4衛4陽 66.94坪(建坪) 新北市林口區佳林路 透天 19.3年 1-4 / 4樓 近學校近市場  近東湖國小.多線公車.交通方便  more
林口區,38,林口嘉寶二段大土地,33000萬9187.93坪(地坪),林口嘉寶二段大土地 物件編號 TB08856 Prev Next 7 33000萬9187.93坪(地坪) 新北市林口區 土地 近學校  近嘉寶國小台17線有公車行駛交通便利  more
林口區,38,林口麗園陽光溫馨3房,1268萬3房(室)2廳2衛30.39坪(建坪),林口麗園陽光溫馨3房 物件編號 TB10835 Prev Next 12 1268萬3房(室)2廳2衛30.39坪(建坪) 新北市林口區麗園二街 華廈 41.6年 7 / 7樓 近長庚醫院站近林口站近學校近市場  低公設比，室內坪效大  more
林口區,38,幸福市事務所含車位,1488萬降價,幸福市事務所含車位 物件編號 TB10772 Prev Next 12 1488萬降價 1358萬2房(室)2廳1衛37.1坪(建坪) 新北市林口區文化三路二段 大樓 15.3年 3 / 19樓 近林口站近學校近市場  事務所2房2廳1衛+前後陽台+平面坡道車  more
林口區,38,有朋之里精裝2房車,1398萬2房(室)2廳1衛31.68坪(建坪),有朋之里精裝2房車 物件編號 TB11468 Prev Next 9 1398萬2房(室)2廳1衛31.68坪(建坪) 新北市林口區文化三路二段 大樓 17.3年 7 / 11樓 近林口站近學校近市場  家樂福生活圈內，生活機能便利  more
林口區,38,森聯上上謙森治露臺2房2衛車,1588萬2房(室)2廳2衛33.26坪(建坪),森聯上上謙森治露臺2房2衛車 物件編號 TB10981 Prev Next 3 1588萬2房(室)2廳2衛33.26坪(建坪) 新北市林口區文化三路二段 大樓 預售屋 2 / 15樓 近林口站近長庚醫院站近學校  稀有釋出兩房兩衛露臺戶  more
林口區,38,A9捷運三井龍揚天廈二房車位,1638萬2房(室)2廳1衛31.27坪(建坪),A9捷運三井龍揚天廈二房車位 物件編號 TB09089 Prev Next 8 1638萬2房(室)2廳1衛31.27坪(建坪) 新北市林口區文化二路一段 大樓 31.2年 11 / 16樓 近林口站近學校近市場  鄰近Outlet購物中心  more
林口區,38,活力城高樓溫馨美裝2房車,1668萬2房(室)2廳1衛37.89坪(建坪),活力城高樓溫馨美裝2房車 物件編號 TB10997 Prev Next 7 1668萬2房(室)2廳1衛37.89坪(建坪) 新北市林口區中山路 大樓 17.9年 12 / 15樓 近林口站近學校近市場  全室裝潢.簡單整理即可入住  more
林口區,39,森禾A9三井OUTLET旁透店,4768萬3房(室)2廳4衛74.95坪(建坪),森禾A9三井OUTLET旁透店 物件編號 VB00792 Prev Next 16 4768萬3房(室)2廳4衛74.95坪(建坪) 新北市林口區民族路 透天 18.8年 1-4 / 4樓 近林口站近學校  附近有大型商場、超市以及在地市場  more
林口區,39,森禾-近林口交流道文教區美建地,3969萬75.93坪(地坪),森禾-近林口交流道文教區美建地 物件編號 VB00827 Prev Next 7 3969萬75.93坪(地坪) 新北市林口區國宅段 土地 近學校  此建地周遭的交通與生活機能都很完善  more
林口區,39,東湖國小邊間庭院透天,3988萬5房4廳4衛4陽 66.94坪(建坪),東湖國小邊間庭院透天 物件編號 ZB05484 Prev Next 9 3988萬5房4廳4衛4陽 66.94坪(建坪) 新北市林口區佳林路 透天 19.3年 1-4 / 4樓 近學校近市場  近東湖國小.多線公車.交通方便  more
林口區,39,林口嘉寶二段大土地,33000萬9187.93坪(地坪),林口嘉寶二段大土地 物件編號 TB08856 Prev Next 7 33000萬9187.93坪(地坪) 新北市林口區 土地 近學校  近嘉寶國小台17線有公車行駛交通便利  more
林口區,39,林口麗園陽光溫馨3房,1268萬3房(室)2廳2衛30.39坪(建坪),林口麗園陽光溫馨3房 物件編號 TB10835 Prev Next 12 1268萬3房(室)2廳2衛30.39坪(建坪) 新北市林口區麗園二街 華廈 41.6年 7 / 7樓 近長庚醫院站近林口站近學校近市場  低公設比，室內坪效大  more
林口區,39,幸福市事務所含車位,1488萬降價,幸福市事務所含車位 物件編號 TB10772 Prev Next 12 1488萬降價 1358萬2房(室)2廳1衛37.1坪(建坪) 新北市林口區文化三路二段 大樓 15.3年 3 / 19樓 近林口站近學校近市場  事務所2房2廳1衛+前後陽台+平面坡道車  more
林口區,39,有朋之里精裝2房車,1398萬2房(室)2廳1衛31.68坪(建坪),有朋之里精裝2房車 物件編號 TB11468 Prev Next 9 1398萬2房(室)2廳1衛31.68坪(建坪) 新北市林口區文化三路二段 大樓 17.3年 7 / 11樓 近林口站近學校近市場  家樂福生活圈內，生活機能便利  more
林口區,39,森聯上上謙森治露臺2房2衛車,1588萬2房(室)2廳2衛33.26坪(建坪),森聯上上謙森治露臺2房2衛車 物件編號 TB10981 Prev Next 3 1588萬2房(室)2廳2衛33.26坪(建坪) 新北市林口區文化三路二段 大樓 預售屋 2 / 15樓 近林口站近長庚醫院站近學校  稀有釋出兩房兩衛露臺戶  more
林口區,39,A9捷運三井龍揚天廈二房車位,1638萬2房(室)2廳1衛31.27坪(建坪),A9捷運三井龍揚天廈二房車位 物件編號 TB09089 Prev Next 8 1638萬2房(室)2廳1衛31.27坪(建坪) 新北市林口區文化二路一段 大樓 31.2年 11 / 16樓 近林口站近學校近市場  鄰近Outlet購物中心  more
林口區,39,活力城高樓溫馨美裝2房車,1668萬2房(室)2廳1衛37.89坪(建坪),活力城高樓溫馨美裝2房車 物件編號 TB10997 Prev Next 7 1668萬2房(室)2廳1衛37.89坪(建坪) 新北市林口區中山路 大樓 17.9年 12 / 15樓 近林口站近學校近市場  全室裝潢.簡單整理即可入住  more
林口區,40,森禾A9三井OUTLET旁透店,4768萬3房(室)2廳4衛74.95坪(建坪),森禾A9三井OUTLET旁透店 物件編號 VB00792 Prev Next 16 4768萬3房(室)2廳4衛74.95坪(建坪) 新北市林口區民族路 透天 18.8年 1-4 / 4樓 近林口站近學校  附近有大型商場、超市以及在地市場  more
林口區,40,森禾-近林口交流道文教區美建地,3969萬75.93坪(地坪),森禾-近林口交流道文教區美建地 物件編號 VB00827 Prev Next 7 3969萬75.93坪(地坪) 新北市林口區國宅段 土地 近學校  此建地周遭的交通與生活機能都很完善  more
林口區,40,東湖國小邊間庭院透天,3988萬5房4廳4衛4陽 66.94坪(建坪),東湖國小邊間庭院透天 物件編號 ZB05484 Prev Next 9 3988萬5房4廳4衛4陽 66.94坪(建坪) 新北市林口區佳林路 透天 19.3年 1-4 / 4樓 近學校近市場  近東湖國小.多線公車.交通方便  more
林口區,40,林口嘉寶二段大土地,33000萬9187.93坪(地坪),林口嘉寶二段大土地 物件編號 TB08856 Prev Next 7 33000萬9187.93坪(地坪) 新北市林口區 土地 近學校  近嘉寶國小台17線有公車行駛交通便利  more
林口區,40,林口麗園陽光溫馨3房,1268萬3房(室)2廳2衛30.39坪(建坪),林口麗園陽光溫馨3房 物件編號 TB10835 Prev Next 12 1268萬3房(室)2廳2衛30.39坪(建坪) 新北市林口區麗園二街 華廈 41.6年 7 / 7樓 近長庚醫院站近林口站近學校近市場  低公設比，室內坪效大  more
林口區,40,幸福市事務所含車位,1488萬降價,幸福市事務所含車位 物件編號 TB10772 Prev Next 12 1488萬降價 1358萬2房(室)2廳1衛37.1坪(建坪) 新北市林口區文化三路二段 大樓 15.3年 3 / 19樓 近林口站近學校近市場  事務所2房2廳1衛+前後陽台+平面坡道車  more
林口區,40,有朋之里精裝2房車,1398萬2房(室)2廳1衛31.68坪(建坪),有朋之里精裝2房車 物件編號 TB11468 Prev Next 9 1398萬2房(室)2廳1衛31.68坪(建坪) 新北市林口區文化三路二段 大樓 17.3年 7 / 11樓 近林口站近學校近市場  家樂福生活圈內，生活機能便利  more
林口區,40,森聯上上謙森治露臺2房2衛車,1588萬2房(室)2廳2衛33.26坪(建坪),森聯上上謙森治露臺2房2衛車 物件編號 TB10981 Prev Next 3 1588萬2房(室)2廳2衛33.26坪(建坪) 新北市林口區文化三路二段 大樓 預售屋 2 / 15樓 近林口站近長庚醫院站近學校  稀有釋出兩房兩衛露臺戶  more
林口區,40,A9捷運三井龍揚天廈二房車位,1638萬2房(室)2廳1衛31.27坪(建坪),A9捷運三井龍揚天廈二房車位 物件編號 TB09089 Prev Next 8 1638萬2房(室)2廳1衛31.27坪(建坪) 新北市林口區文化二路一段 大樓 31.2年 11 / 16樓 近林口站近學校近市場  鄰近Outlet購物中心  more
林口區,40,活力城高樓溫馨美裝2房車,1668萬2房(室)2廳1衛37.89坪(建坪),活力城高樓溫馨美裝2房車 物件編號 TB10997 Prev Next 7 1668萬2房(室)2廳1衛37.89坪(建坪) 新北市林口區中山路 大樓 17.9年 12 / 15樓 近林口站近學校近市場  全室裝潢.簡單整理即可入住  more
林口區,41,森禾A9三井OUTLET旁透店,4768萬3房(室)2廳4衛74.95坪(建坪),森禾A9三井OUTLET旁透店 物件編號 VB00792 Prev Next 16 4768萬3房(室)2廳4衛74.95坪(建坪) 新北市林口區民族路 透天 18.8年 1-4 / 4樓 近林口站近學校  附近有大型商場、超市以及在地市場  more
林口區,41,森禾-近林口交流道文教區美建地,3969萬75.93坪(地坪),森禾-近林口交流道文教區美建地 物件編號 VB00827 Prev Next 7 3969萬75.93坪(地坪) 新北市林口區國宅段 土地 近學校  此建地周遭的交通與生活機能都很完善  more
林口區,41,東湖國小邊間庭院透天,3988萬5房4廳4衛4陽 66.94坪(建坪),東湖國小邊間庭院透天 物件編號 ZB05484 Prev Next 9 3988萬5房4廳4衛4陽 66.94坪(建坪) 新北市林口區佳林路 透天 19.3年 1-4 / 4樓 近學校近市場  近東湖國小.多線公車.交通方便  more
林口區,41,林口嘉寶二段大土地,33000萬9187.93坪(地坪),林口嘉寶二段大土地 物件編號 TB08856 Prev Next 7 33000萬9187.93坪(地坪) 新北市林口區 土地 近學校  近嘉寶國小台17線有公車行駛交通便利  more
林口區,41,林口麗園陽光溫馨3房,1268萬3房(室)2廳2衛30.39坪(建坪),林口麗園陽光溫馨3房 物件編號 TB10835 Prev Next 12 1268萬3房(室)2廳2衛30.39坪(建坪) 新北市林口區麗園二街 華廈 41.6年 7 / 7樓 近長庚醫院站近林口站近學校近市場  低公設比，室內坪效大  more
林口區,41,幸福市事務所含車位,1488萬降價,幸福市事務所含車位 物件編號 TB10772 Prev Next 12 1488萬降價 1358萬2房(室)2廳1衛37.1坪(建坪) 新北市林口區文化三路二段 大樓 15.3年 3 / 19樓 近林口站近學校近市場  事務所2房2廳1衛+前後陽台+平面坡道車  more
林口區,41,有朋之里精裝2房車,1398萬2房(室)2廳1衛31.68坪(建坪),有朋之里精裝2房車 物件編號 TB11468 Prev Next 9 1398萬2房(室)2廳1衛31.68坪(建坪) 新北市林口區文化三路二段 大樓 17.3年 7 / 11樓 近林口站近學校近市場  家樂福生活圈內，生活機能便利  more
林口區,41,森聯上上謙森治露臺2房2衛車,1588萬2房(室)2廳2衛33.26坪(建坪),森聯上上謙森治露臺2房2衛車 物件編號 TB10981 Prev Next 3 1588萬2房(室)2廳2衛33.26坪(建坪) 新北市林口區文化三路二段 大樓 預售屋 2 / 15樓 近林口站近長庚醫院站近學校  稀有釋出兩房兩衛露臺戶  more
林口區,41,A9捷運三井龍揚天廈二房車位,1638萬2房(室)2廳1衛31.27坪(建坪),A9捷運三井龍揚天廈二房車位 物件編號 TB09089 Prev Next 8 1638萬2房(室)2廳1衛31.27坪(建坪) 新北市林口區文化二路一段 大樓 31.2年 11 / 16樓 近林口站近學校近市場  鄰近Outlet購物中心  more
林口區,41,活力城高樓溫馨美裝2房車,1668萬2房(室)2廳1衛37.89坪(建坪),活力城高樓溫馨美裝2房車 物件編號 TB10997 Prev Next 7 1668萬2房(室)2廳1衛37.89坪(建坪) 新北市林口區中山路 大樓 17.9年 12 / 15樓 近林口站近學校近市場  全室裝潢.簡單整理即可入住  more
林口區,42,森禾A9三井OUTLET旁透店,4768萬3房(室)2廳4衛74.95坪(建坪),森禾A9三井OUTLET旁透店 物件編號 VB00792 Prev Next 16 4768萬3房(室)2廳4衛74.95坪(建坪) 新北市林口區民族路 透天 18.8年 1-4 / 4樓 近林口站近學校  附近有大型商場、超市以及在地市場  more
林口區,42,森禾-近林口交流道文教區美建地,3969萬75.93坪(地坪),森禾-近林口交流道文教區美建地 物件編號 VB00827 Prev Next 7 3969萬75.93坪(地坪) 新北市林口區國宅段 土地 近學校  此建地周遭的交通與生活機能都很完善  more
林口區,42,東湖國小邊間庭院透天,3988萬5房4廳4衛4陽 66.94坪(建坪),東湖國小邊間庭院透天 物件編號 ZB05484 Prev Next 9 3988萬5房4廳4衛4陽 66.94坪(建坪) 新北市林口區佳林路 透天 19.3年 1-4 / 4樓 近學校近市場  近東湖國小.多線公車.交通方便  more
林口區,42,林口嘉寶二段大土地,33000萬9187.93坪(地坪),林口嘉寶二段大土地 物件編號 TB08856 Prev Next 7 33000萬9187.93坪(地坪) 新北市林口區 土地 近學校  近嘉寶國小台17線有公車行駛交通便利  more
林口區,42,林口麗園陽光溫馨3房,1268萬3房(室)2廳2衛30.39坪(建坪),林口麗園陽光溫馨3房 物件編號 TB10835 Prev Next 12 1268萬3房(室)2廳2衛30.39坪(建坪) 新北市林口區麗園二街 華廈 41.6年 7 / 7樓 近長庚醫院站近林口站近學校近市場  低公設比，室內坪效大  more
林口區,42,幸福市事務所含車位,1488萬降價,幸福市事務所含車位 物件編號 TB10772 Prev Next 12 1488萬降價 1358萬2房(室)2廳1衛37.1坪(建坪) 新北市林口區文化三路二段 大樓 15.3年 3 / 19樓 近林口站近學校近市場  事務所2房2廳1衛+前後陽台+平面坡道車  more
林口區,42,有朋之里精裝2房車,1398萬2房(室)2廳1衛31.68坪(建坪),有朋之里精裝2房車 物件編號 TB11468 Prev Next 9 1398萬2房(室)2廳1衛31.68坪(建坪) 新北市林口區文化三路二段 大樓 17.3年 7 / 11樓 近林口站近學校近市場  家樂福生活圈內，生活機能便利  more
林口區,42,森聯上上謙森治露臺2房2衛車,1588萬2房(室)2廳2衛33.26坪(建坪),森聯上上謙森治露臺2房2衛車 物件編號 TB10981 Prev Next 3 1588萬2房(室)2廳2衛33.26坪(建坪) 新北市林口區文化三路二段 大樓 預售屋 2 / 15樓 近林口站近長庚醫院站近學校  稀有釋出兩房兩衛露臺戶  more
林口區,42,A9捷運三井龍揚天廈二房車位,1638萬2房(室)2廳1衛31.27坪(建坪),A9捷運三井龍揚天廈二房車位 物件編號 TB09089 Prev Next 8 1638萬2房(室)2廳1衛31.27坪(建坪) 新北市林口區文化二路一段 大樓 31.2年 11 / 16樓 近林口站近學校近市場  鄰近Outlet購物中心  more
林口區,42,活力城高樓溫馨美裝2房車,1668萬2房(室)2廳1衛37.89坪(建坪),活力城高樓溫馨美裝2房車 物件編號 TB10997 Prev Next 7 1668萬2房(室)2廳1衛37.89坪(建坪) 新北市林口區中山路 大樓 17.9年 12 / 15樓 近林口站近學校近市場  全室裝潢.簡單整理即可入住  more
林口區,43,森禾A9三井OUTLET旁透店,4768萬3房(室)2廳4衛74.95坪(建坪),森禾A9三井OUTLET旁透店 物件編號 VB00792 Prev Next 16 4768萬3房(室)2廳4衛74.95坪(建坪) 新北市林口區民族路 透天 18.8年 1-4 / 4樓 近林口站近學校  附近有大型商場、超市以及在地市場  more
林口區,43,森禾-近林口交流道文教區美建地,3969萬75.93坪(地坪),森禾-近林口交流道文教區美建地 物件編號 VB00827 Prev Next 7 3969萬75.93坪(地坪) 新北市林口區國宅段 土地 近學校  此建地周遭的交通與生活機能都很完善  more
林口區,43,東湖國小邊間庭院透天,3988萬5房4廳4衛4陽 66.94坪(建坪),東湖國小邊間庭院透天 物件編號 ZB05484 Prev Next 9 3988萬5房4廳4衛4陽 66.94坪(建坪) 新北市林口區佳林路 透天 19.3年 1-4 / 4樓 近學校近市場  近東湖國小.多線公車.交通方便  more
林口區,43,林口嘉寶二段大土地,33000萬9187.93坪(地坪),林口嘉寶二段大土地 物件編號 TB08856 Prev Next 7 33000萬9187.93坪(地坪) 新北市林口區 土地 近學校  近嘉寶國小台17線有公車行駛交通便利  more
林口區,43,林口麗園陽光溫馨3房,1268萬3房(室)2廳2衛30.39坪(建坪),林口麗園陽光溫馨3房 物件編號 TB10835 Prev Next 12 1268萬3房(室)2廳2衛30.39坪(建坪) 新北市林口區麗園二街 華廈 41.6年 7 / 7樓 近長庚醫院站近林口站近學校近市場  低公設比，室內坪效大  more
林口區,43,幸福市事務所含車位,1488萬降價,幸福市事務所含車位 物件編號 TB10772 Prev Next 12 1488萬降價 1358萬2房(室)2廳1衛37.1坪(建坪) 新北市林口區文化三路二段 大樓 15.3年 3 / 19樓 近林口站近學校近市場  事務所2房2廳1衛+前後陽台+平面坡道車  more
林口區,43,有朋之里精裝2房車,1398萬2房(室)2廳1衛31.68坪(建坪),有朋之里精裝2房車 物件編號 TB11468 Prev Next 9 1398萬2房(室)2廳1衛31.68坪(建坪) 新北市林口區文化三路二段 大樓 17.3年 7 / 11樓 近林口站近學校近市場  家樂福生活圈內，生活機能便利  more
林口區,43,森聯上上謙森治露臺2房2衛車,1588萬2房(室)2廳2衛33.26坪(建坪),森聯上上謙森治露臺2房2衛車 物件編號 TB10981 Prev Next 3 1588萬2房(室)2廳2衛33.26坪(建坪) 新北市林口區文化三路二段 大樓 預售屋 2 / 15樓 近林口站近長庚醫院站近學校  稀有釋出兩房兩衛露臺戶  more
林口區,43,A9捷運三井龍揚天廈二房車位,1638萬2房(室)2廳1衛31.27坪(建坪),A9捷運三井龍揚天廈二房車位 物件編號 TB09089 Prev Next 8 1638萬2房(室)2廳1衛31.27坪(建坪) 新北市林口區文化二路一段 大樓 31.2年 11 / 16樓 近林口站近學校近市場  鄰近Outlet購物中心  more
林口區,43,活力城高樓溫馨美裝2房車,1668萬2房(室)2廳1衛37.89坪(建坪),活力城高樓溫馨美裝2房車 物件編號 TB10997 Prev Next 7 1668萬2房(室)2廳1衛37.89坪(建坪) 新北市林口區中山路 大樓 17.9年 12 / 15樓 近林口站近學校近市場  全室裝潢.簡單整理即可入住  more
林口區,44,森禾A9三井OUTLET旁透店,4768萬3房(室)2廳4衛74.95坪(建坪),森禾A9三井OUTLET旁透店 物件編號 VB00792 Prev Next 16 4768萬3房(室)2廳4衛74.95坪(建坪) 新北市林口區民族路 透天 18.8年 1-4 / 4樓 近林口站近學校  附近有大型商場、超市以及在地市場  more
林口區,44,森禾-近林口交流道文教區美建地,3969萬75.93坪(地坪),森禾-近林口交流道文教區美建地 物件編號 VB00827 Prev Next 7 3969萬75.93坪(地坪) 新北市林口區國宅段 土地 近學校  此建地周遭的交通與生活機能都很完善  more
林口區,44,東湖國小邊間庭院透天,3988萬5房4廳4衛4陽 66.94坪(建坪),東湖國小邊間庭院透天 物件編號 ZB05484 Prev Next 9 3988萬5房4廳4衛4陽 66.94坪(建坪) 新北市林口區佳林路 透天 19.3年 1-4 / 4樓 近學校近市場  近東湖國小.多線公車.交通方便  more
林口區,44,林口嘉寶二段大土地,33000萬9187.93坪(地坪),林口嘉寶二段大土地 物件編號 TB08856 Prev Next 7 33000萬9187.93坪(地坪) 新北市林口區 土地 近學校  近嘉寶國小台17線有公車行駛交通便利  more
林口區,44,林口麗園陽光溫馨3房,1268萬3房(室)2廳2衛30.39坪(建坪),林口麗園陽光溫馨3房 物件編號 TB10835 Prev Next 12 1268萬3房(室)2廳2衛30.39坪(建坪) 新北市林口區麗園二街 華廈 41.6年 7 / 7樓 近長庚醫院站近林口站近學校近市場  低公設比，室內坪效大  more
林口區,44,幸福市事務所含車位,1488萬降價,幸福市事務所含車位 物件編號 TB10772 Prev Next 12 1488萬降價 1358萬2房(室)2廳1衛37.1坪(建坪) 新北市林口區文化三路二段 大樓 15.3年 3 / 19樓 近林口站近學校近市場  事務所2房2廳1衛+前後陽台+平面坡道車  more
林口區,44,有朋之里精裝2房車,1398萬2房(室)2廳1衛31.68坪(建坪),有朋之里精裝2房車 物件編號 TB11468 Prev Next 9 1398萬2房(室)2廳1衛31.68坪(建坪) 新北市林口區文化三路二段 大樓 17.3年 7 / 11樓 近林口站近學校近市場  家樂福生活圈內，生活機能便利  more
林口區,44,森聯上上謙森治露臺2房2衛車,1588萬2房(室)2廳2衛33.26坪(建坪),森聯上上謙森治露臺2房2衛車 物件編號 TB10981 Prev Next 3 1588萬2房(室)2廳2衛33.26坪(建坪) 新北市林口區文化三路二段 大樓 預售屋 2 / 15樓 近林口站近長庚醫院站近學校  稀有釋出兩房兩衛露臺戶  more
林口區,44,A9捷運三井龍揚天廈二房車位,1638萬2房(室)2廳1衛31.27坪(建坪),A9捷運三井龍揚天廈二房車位 物件編號 TB09089 Prev Next 8 1638萬2房(室)2廳1衛31.27坪(建坪) 新北市林口區文化二路一段 大樓 31.2年 11 / 16樓 近林口站近學校近市場  鄰近Outlet購物中心  more
林口區,44,活力城高樓溫馨美裝2房車,1668萬2房(室)2廳1衛37.89坪(建坪),活力城高樓溫馨美裝2房車 物件編號 TB10997 Prev Next 7 1668萬2房(室)2廳1衛37.89坪(建坪) 新北市林口區中山路 大樓 17.9年 12 / 15樓 近林口站近學校近市場  全室裝潢.簡單整理即可入住  more
林口區,45,森禾A9三井OUTLET旁透店,4768萬3房(室)2廳4衛74.95坪(建坪),森禾A9三井OUTLET旁透店 物件編號 VB00792 Prev Next 16 4768萬3房(室)2廳4衛74.95坪(建坪) 新北市林口區民族路 透天 18.8年 1-4 / 4樓 近林口站近學校  附近有大型商場、超市以及在地市場  more
林口區,45,森禾-近林口交流道文教區美建地,3969萬75.93坪(地坪),森禾-近林口交流道文教區美建地 物件編號 VB00827 Prev Next 7 3969萬75.93坪(地坪) 新北市林口區國宅段 土地 近學校  此建地周遭的交通與生活機能都很完善  more
林口區,45,東湖國小邊間庭院透天,3988萬5房4廳4衛4陽 66.94坪(建坪),東湖國小邊間庭院透天 物件編號 ZB05484 Prev Next 9 3988萬5房4廳4衛4陽 66.94坪(建坪) 新北市林口區佳林路 透天 19.3年 1-4 / 4樓 近學校近市場  近東湖國小.多線公車.交通方便  more
林口區,45,林口嘉寶二段大土地,33000萬9187.93坪(地坪),林口嘉寶二段大土地 物件編號 TB08856 Prev Next 7 33000萬9187.93坪(地坪) 新北市林口區 土地 近學校  近嘉寶國小台17線有公車行駛交通便利  more
林口區,45,林口麗園陽光溫馨3房,1268萬3房(室)2廳2衛30.39坪(建坪),林口麗園陽光溫馨3房 物件編號 TB10835 Prev Next 12 1268萬3房(室)2廳2衛30.39坪(建坪) 新北市林口區麗園二街 華廈 41.6年 7 / 7樓 近長庚醫院站近林口站近學校近市場  低公設比，室內坪效大  more
林口區,45,幸福市事務所含車位,1488萬降價,幸福市事務所含車位 物件編號 TB10772 Prev Next 12 1488萬降價 1358萬2房(室)2廳1衛37.1坪(建坪) 新北市林口區文化三路二段 大樓 15.3年 3 / 19樓 近林口站近學校近市場  事務所2房2廳1衛+前後陽台+平面坡道車  more
林口區,45,有朋之里精裝2房車,1398萬2房(室)2廳1衛31.68坪(建坪),有朋之里精裝2房車 物件編號 TB11468 Prev Next 9 1398萬2房(室)2廳1衛31.68坪(建坪) 新北市林口區文化三路二段 大樓 17.3年 7 / 11樓 近林口站近學校近市場  家樂福生活圈內，生活機能便利  more
林口區,45,森聯上上謙森治露臺2房2衛車,1588萬2房(室)2廳2衛33.26坪(建坪),森聯上上謙森治露臺2房2衛車 物件編號 TB10981 Prev Next 3 1588萬2房(室)2廳2衛33.26坪(建坪) 新北市林口區文化三路二段 大樓 預售屋 2 / 15樓 近林口站近長庚醫院站近學校  稀有釋出兩房兩衛露臺戶  more
林口區,45,A9捷運三井龍揚天廈二房車位,1638萬2房(室)2廳1衛31.27坪(建坪),A9捷運三井龍揚天廈二房車位 物件編號 TB09089 Prev Next 8 1638萬2房(室)2廳1衛31.27坪(建坪) 新北市林口區文化二路一段 大樓 31.2年 11 / 16樓 近林口站近學校近市場  鄰近Outlet購物中心  more
林口區,45,活力城高樓溫馨美裝2房車,1668萬2房(室)2廳1衛37.89坪(建坪),活力城高樓溫馨美裝2房車 物件編號 TB10997 Prev Next 7 1668萬2房(室)2廳1衛37.89坪(建坪) 新北市林口區中山路 大樓 17.9年 12 / 15樓 近林口站近學校近市場  全室裝潢.簡單整理即可入住  more
林口區,46,森禾A9三井OUTLET旁透店,4768萬3房(室)2廳4衛74.95坪(建坪),森禾A9三井OUTLET旁透店 物件編號 VB00792 Prev Next 16 4768萬3房(室)2廳4衛74.95坪(建坪) 新北市林口區民族路 透天 18.8年 1-4 / 4樓 近林口站近學校  附近有大型商場、超市以及在地市場  more
林口區,46,森禾-近林口交流道文教區美建地,3969萬75.93坪(地坪),森禾-近林口交流道文教區美建地 物件編號 VB00827 Prev Next 7 3969萬75.93坪(地坪) 新北市林口區國宅段 土地 近學校  此建地周遭的交通與生活機能都很完善  more
林口區,46,東湖國小邊間庭院透天,3988萬5房4廳4衛4陽 66.94坪(建坪),東湖國小邊間庭院透天 物件編號 ZB05484 Prev Next 9 3988萬5房4廳4衛4陽 66.94坪(建坪) 新北市林口區佳林路 透天 19.3年 1-4 / 4樓 近學校近市場  近東湖國小.多線公車.交通方便  more
林口區,46,林口嘉寶二段大土地,33000萬9187.93坪(地坪),林口嘉寶二段大土地 物件編號 TB08856 Prev Next 7 33000萬9187.93坪(地坪) 新北市林口區 土地 近學校  近嘉寶國小台17線有公車行駛交通便利  more
林口區,46,林口麗園陽光溫馨3房,1268萬3房(室)2廳2衛30.39坪(建坪),林口麗園陽光溫馨3房 物件編號 TB10835 Prev Next 12 1268萬3房(室)2廳2衛30.39坪(建坪) 新北市林口區麗園二街 華廈 41.6年 7 / 7樓 近長庚醫院站近林口站近學校近市場  低公設比，室內坪效大  more
林口區,46,幸福市事務所含車位,1488萬降價,幸福市事務所含車位 物件編號 TB10772 Prev Next 12 1488萬降價 1358萬2房(室)2廳1衛37.1坪(建坪) 新北市林口區文化三路二段 大樓 15.3年 3 / 19樓 近林口站近學校近市場  事務所2房2廳1衛+前後陽台+平面坡道車  more
林口區,46,有朋之里精裝2房車,1398萬2房(室)2廳1衛31.68坪(建坪),有朋之里精裝2房車 物件編號 TB11468 Prev Next 9 1398萬2房(室)2廳1衛31.68坪(建坪) 新北市林口區文化三路二段 大樓 17.3年 7 / 11樓 近林口站近學校近市場  家樂福生活圈內，生活機能便利  more
林口區,46,森聯上上謙森治露臺2房2衛車,1588萬2房(室)2廳2衛33.26坪(建坪),森聯上上謙森治露臺2房2衛車 物件編號 TB10981 Prev Next 3 1588萬2房(室)2廳2衛33.26坪(建坪) 新北市林口區文化三路二段 大樓 預售屋 2 / 15樓 近林口站近長庚醫院站近學校  稀有釋出兩房兩衛露臺戶  more
林口區,46,A9捷運三井龍揚天廈二房車位,1638萬2房(室)2廳1衛31.27坪(建坪),A9捷運三井龍揚天廈二房車位 物件編號 TB09089 Prev Next 8 1638萬2房(室)2廳1衛31.27坪(建坪) 新北市林口區文化二路一段 大樓 31.2年 11 / 16樓 近林口站近學校近市場  鄰近Outlet購物中心  more
林口區,46,活力城高樓溫馨美裝2房車,1668萬2房(室)2廳1衛37.89坪(建坪),活力城高樓溫馨美裝2房車 物件編號 TB10997 Prev Next 7 1668萬2房(室)2廳1衛37.89坪(建坪) 新北市林口區中山路 大樓 17.9年 12 / 15樓 近林口站近學校近市場  全室裝潢.簡單整理即可入住  more
